id,name,email,address,postcode,propertyType,plan,documents
1,John Doe,john.doe@demo.example.com,"12 Regency Square, Brighton",BN1 2FG,Terraced,pro,"[""Land Registry Title"",""Tenancy Agreement"",""EICR Certificate"",""Gas Safety Record"",""Boiler Service Report"",""EPC Certificate"",""Insurance Policy""]"
2,Aaron Baker,aaron.baker2@demo.example.com,"195 Hartington Road, Brighton",BN1 50NY,Bungalow,free,[]
3,Logan Vale,logan.vale3@demo.example.com,"62 Hampstead Road, Brighton",BN3 07VV,Converted Loft,pro,"[""EPC Certificate"",""EICR Certificate""]"
4,Logan Walker,logan.walker4@demo.example.com,"44 North Street, Brighton",BN1 58OE,Maisonette,free,[]
5,Daria Gray,daria.gray5@demo.example.com,"184 Queens Road, Brighton",BN2 76HH,Semi-detached,free,[]
6,Liam Lane,liam.lane6@demo.example.com,"104 Holland Road, Brighton",BN2 28YY,Coach House,free,[]
7,Zane Hart,zane.hart7@demo.example.com,"115 Wilbury Road, Brighton",BN3 64WC,Bungalow,free,[]
8,Rae Adams,rae.adams8@demo.example.com,"110 Church Road, Brighton",BN2 01MJ,Converted Loft,free,[]
9,Daria Banks,daria.banks9@demo.example.com,"191 Grand Avenue, Brighton",BN3 24VW,Detached,free,[]
10,Jude Collins,jude.collins10@demo.example.com,"113 Bond Street, Brighton",BN3 44ZU,Detached,free,[]
11,Poppy Ivory,poppy.ivory11@demo.example.com,"110 Montpelier Road, Brighton",BN1 60EI,Terraced,pro,"[""Photo ID"",""Gas Safety Record"",""Boiler Service Report""]"
12,Orla Jones,orla.jones12@demo.example.com,"115 London Road, Brighton",BN1 10UM,Terraced,pro,"[""Insurance Policy"",""EPC Certificate"",""Photo ID"",""Land Registry Title""]"
13,Una Adams,una.adams13@demo.example.com,"174, Flat 9 Bond Street, Brighton",BN1 33EH,Terraced,pro,"[""Tenancy Agreement"",""EICR Certificate"",""Gas Safety Record"",""Renovation Receipts""]"
14,Isla Zeller,isla.zeller14@demo.example.com,"136 Wilbury Avenue, Brighton",BN1 70JN,Converted Loft,free,[]
15,Uri Lane,uri.lane15@demo.example.com,"40 Ship Street, Brighton",BN3 75KH,Terraced,free,[]
16,Vera Ward,vera.ward16@demo.example.com,"106 Hove Park Road, Brighton",BN3 84NI,Detached,pro,"[""Tenancy Agreement"",""Photo ID"",""Boiler Service Report""]"
17,Ronan Adams,ronan.adams17@demo.example.com,"183 Valley Gardens, Brighton",BN2 07LD,Flat,pro,"[""Tenancy Agreement"",""EICR Certificate"",""Gas Safety Record"",""Boiler Service Report"",""Photo ID""]"
18,Bianca Jones,bianca.jones18@demo.example.com,"30 Dyke Road, Brighton",BN2 00CF,Bungalow,pro,"[""Tenancy Agreement"",""Renovation Receipts""]"
19,Iris Wade,iris.wade19@demo.example.com,"39 Kingsway, Brighton",BN1 46AT,Flat,free,[]
20,Aaron Xu,aaron.xu20@demo.example.com,"163 College Road, Brighton",BN3 17WZ,Terraced,free,[]
21,Elena Phillips,elena.phillips21@demo.example.com,"178 Elm Grove, Brighton",BN2 05UF,Flat,free,[]
22,Liam Wade,liam.wade22@demo.example.com,"181 Gloucester Road, Brighton",BN1 12RO,Bungalow,free,[]
23,Mila Ivory,mila.ivory23@demo.example.com,"69 George Street, Brighton",BN3 22AR,Semi-detached,free,[]
24,Jonah Riley,jonah.riley24@demo.example.com,"209 George Street, Brighton",BN3 20MP,Terraced,pro,"[""Insurance Policy"",""EPC Certificate"",""Boiler Service Report"",""Land Registry Title"",""Gas Safety Record""]"
25,Will Brooks,will.brooks25@demo.example.com,"195 London Road, Brighton",BN3 20PF,Bungalow,pro,"[""Tenancy Agreement"",""Land Registry Title"",""Proof of Address"",""EICR Certificate"",""EPC Certificate""]"
26,Vera Fox,vera.fox26@demo.example.com,"69 Manor Hill, Brighton",BN2 56JL,Terraced,pro,"[""Photo ID"",""EICR Certificate""]"
27,Keira Gardner,keira.gardner27@demo.example.com,"90 Elm Grove, Brighton",BN1 27VS,Terraced,free,[]
28,Jude Day,jude.day28@demo.example.com,"196 Hangleton Road, Brighton",BN1 11FW,Converted Loft,free,[]
29,Maya Lane,maya.lane29@demo.example.com,"151 Upper North Street, Brighton",BN3 86CV,Maisonette,free,[]
30,Yasmin Gardner,yasmin.gardner30@demo.example.com,"144 The Lanes, Brighton",BN3 22UD,Semi-detached,pro,"[""Photo ID"",""EPC Certificate"",""Boiler Service Report""]"
31,Aaron Riley,aaron.riley31@demo.example.com,"185 Ship Street, Brighton",BN2 22RT,Semi-detached,free,[]
32,Daria Fisher,daria.fisher32@demo.example.com,"117 Upper North Street, Brighton",BN3 17NX,Semi-detached,free,[]
33,Iris Fox,iris.fox33@demo.example.com,"91 Portland Road, Brighton",BN2 86IB,Coach House,pro,"[""EICR Certificate"",""Tenancy Agreement"",""Gas Safety Record"",""Photo ID"",""Boiler Service Report""]"
34,Theo Turner,theo.turner34@demo.example.com,"109 New England Street, Brighton",BN3 76JU,Bungalow,pro,"[""Gas Safety Record"",""Photo ID""]"
35,Vera Turner,vera.turner35@demo.example.com,"71 Palmeira Square, Brighton",BN2 83HG,Semi-detached,free,[]
36,Elena Reed,elena.reed36@demo.example.com,"158 York Place, Brighton",BN1 66HU,Detached,free,[]
37,Sienna Fox,sienna.fox37@demo.example.com,"173, Flat 8 Preston Road, Brighton",BN2 35HJ,Maisonette,free,[]
38,Grace Osborne,grace.osborne38@demo.example.com,"125 Beaconsfield Villas, Brighton",BN3 83YR,Terraced,pro,"[""Renovation Receipts"",""Tenancy Agreement"",""Gas Safety Record""]"
39,Callum Turner,callum.turner39@demo.example.com,"192 Lansdowne Place, Brighton",BN3 24NT,Flat,free,[]
40,Tara Price,tara.price40@demo.example.com,"58, Flat 3 Elm Grove, Brighton",BN2 25BQ,Bungalow,pro,"[""Insurance Policy"",""Proof of Address"",""Photo ID"",""EICR Certificate"",""Tenancy Agreement""]"
41,Aaron Edwards,aaron.edwards41@demo.example.com,"83 Norfolk Square, Brighton",BN2 25RR,Bungalow,free,[]
42,Kara Ivory,kara.ivory42@demo.example.com,"137 Wilbury Road, Brighton",BN2 75ZI,Terraced,free,[]
43,Poppy Jones,poppy.jones43@demo.example.com,"6 North Street, Brighton",BN1 34XV,Coach House,free,[]
44,Zara Taylor,zara.taylor44@demo.example.com,"133 Holland Road, Brighton",BN1 80SW,Semi-detached,pro,"[""EPC Certificate"",""EICR Certificate"",""Proof of Address"",""Tenancy Agreement"",""Boiler Service Report""]"
45,Una Walker,una.walker45@demo.example.com,"35 The Lanes, Brighton",BN2 23AZ,Flat,free,[]
46,Felix Jones,felix.jones46@demo.example.com,"203 Clarence Square, Brighton",BN2 84TL,Semi-detached,pro,"[""Insurance Policy"",""Land Registry Title"",""Renovation Receipts""]"
47,Theo Cross,theo.cross47@demo.example.com,"160 Ship Street, Brighton",BN3 21OW,Terraced,free,[]
48,Sienna Vale,sienna.vale48@demo.example.com,"198 Grand Avenue, Brighton",BN1 35KO,Terraced,pro,"[""Boiler Service Report"",""Gas Safety Record"",""Insurance Policy"",""Renovation Receipts"",""EICR Certificate""]"
49,Felix Turner,felix.turner49@demo.example.com,"203, Flat 9 Goldstone Villas, Brighton",BN1 52RF,Converted Loft,free,[]
50,Victor Hart,victor.hart50@demo.example.com,"206 Bond Street, Brighton",BN1 01XC,Converted Loft,pro,"[""EICR Certificate"",""EPC Certificate"",""Tenancy Agreement"",""Gas Safety Record"",""Boiler Service Report""]"
51,Victor Baker,victor.baker51@demo.example.com,"84, Flat 7 Preston Road, Brighton",BN2 58BL,Coach House,free,[]
52,Tara Banks,tara.banks52@demo.example.com,"95 North Street, Brighton",BN2 15XK,Converted Loft,free,[]
53,Kara Hughes,kara.hughes53@demo.example.com,"109 Queens Road, Brighton",BN3 13WX,Detached,pro,"[""Tenancy Agreement"",""EPC Certificate"",""Boiler Service Report"",""Renovation Receipts"",""Land Registry Title""]"
54,Nico Osborne,nico.osborne54@demo.example.com,"117 College Road, Brighton",BN3 80RP,Bungalow,pro,"[""Tenancy Agreement"",""Gas Safety Record"",""Land Registry Title"",""Proof of Address"",""EPC Certificate""]"
55,Eve Carter,eve.carter55@demo.example.com,"208 Queens Road, Brighton",BN3 41YT,Coach House,free,[]
56,Sam Day,sam.day56@demo.example.com,"70, Flat 10 Goldstone Villas, Brighton",BN3 58KW,Converted Loft,free,[]
57,Dylan Cross,dylan.cross57@demo.example.com,"136 Portland Road, Brighton",BN1 66KI,Converted Loft,free,[]
58,Xena Fisher,xena.fisher58@demo.example.com,"144 George Street, Brighton",BN2 37ZT,Bungalow,free,[]
59,Isla Webb,isla.webb59@demo.example.com,"156 Upper Gardner Street, Brighton",BN3 56QV,Coach House,free,[]
60,Olive Gray,olive.gray60@demo.example.com,"44 Wilbury Road, Brighton",BN1 04NK,Flat,pro,"[""Photo ID"",""EPC Certificate"",""Tenancy Agreement"",""Insurance Policy"",""Renovation Receipts""]"
61,Grace Brooks,grace.brooks61@demo.example.com,"101 Hampstead Road, Brighton",BN2 78YZ,Detached,pro,"[""Tenancy Agreement"",""EICR Certificate"",""Gas Safety Record""]"
62,Harvey Brooks,harvey.brooks62@demo.example.com,"124 Lansdowne Place, Brighton",BN3 68GE,Semi-detached,free,[]
63,Georgia Smith,georgia.smith63@demo.example.com,"100 Preston Road, Brighton",BN1 60DA,Bungalow,free,[]
64,Rae Young,rae.young64@demo.example.com,"146 Sackville Road, Brighton",BN3 83UI,Flat,pro,"[""Tenancy Agreement"",""EICR Certificate""]"
65,Zane Palmer,zane.palmer65@demo.example.com,"115 Church Road, Brighton",BN3 26NI,Semi-detached,free,[]
66,Eve Adams,eve.adams66@demo.example.com,"202, Flat 2 Hanover Terrace, Brighton",BN3 82OS,Terraced,pro,"[""EPC Certificate"",""Boiler Service Report""]"
67,Eve Riley,eve.riley67@demo.example.com,"30 Lansdowne Place, Brighton",BN3 12HP,Semi-detached,pro,"[""Tenancy Agreement"",""EICR Certificate""]"
68,Logan Price,logan.price68@demo.example.com,"18 Wilbury Road, Brighton",BN2 36YD,Coach House,free,[]
69,Sam Cooper,sam.cooper69@demo.example.com,"211 Lansdowne Place, Brighton",BN1 86LY,Flat,free,[]
70,Theo Phillips,theo.phillips70@demo.example.com,"202 Manor Hill, Brighton",BN3 70HA,Bungalow,pro,"[""Photo ID"",""EPC Certificate"",""Boiler Service Report""]"
71,Liam Gray,liam.gray71@demo.example.com,"61 Lansdowne Place, Brighton",BN2 80DN,Coach House,free,[]
72,Alice Lane,alice.lane72@demo.example.com,"145 Manor Hill, Brighton",BN3 45OQ,Maisonette,pro,"[""Tenancy Agreement"",""EPC Certificate""]"
73,Ronan Vale,ronan.vale73@demo.example.com,"62 Goldstone Villas, Brighton",BN3 15YQ,Detached,free,[]
74,Bianca Peters,bianca.peters74@demo.example.com,"121 Richmond Road, Brighton",BN1 26VS,Converted Loft,pro,"[""Photo ID"",""Tenancy Agreement"",""EPC Certificate"",""Renovation Receipts"",""Insurance Policy""]"
75,Wren Brooks,wren.brooks75@demo.example.com,"92 Beaconsfield Villas, Brighton",BN3 43LS,Detached,pro,"[""Tenancy Agreement"",""Insurance Policy"",""Land Registry Title"",""EICR Certificate""]"
76,Jonah Adams,jonah.adams76@demo.example.com,"10 Hove Park Road, Brighton",BN2 33HP,Terraced,pro,"[""Renovation Receipts"",""Tenancy Agreement"",""Land Registry Title""]"
77,Nico Hart,nico.hart77@demo.example.com,"88 New England Street, Brighton",BN3 78PW,Converted Loft,pro,"[""Tenancy Agreement"",""Proof of Address"",""EPC Certificate"",""EICR Certificate"",""Photo ID""]"
78,Hugo Turner,hugo.turner78@demo.example.com,"115, Flat 8 Sussex Square, Brighton",BN1 35AP,Flat,pro,"[""Tenancy Agreement"",""EICR Certificate"",""Proof of Address"",""Boiler Service Report"",""Land Registry Title""]"
79,Xena Adams,xena.adams79@demo.example.com,"34 Gloucester Road, Brighton",BN2 43RA,Converted Loft,free,[]
80,Liam Underwood,liam.underwood80@demo.example.com,"81 Holland Road, Brighton",BN2 30QJ,Maisonette,pro,"[""Tenancy Agreement"",""EICR Certificate"",""Gas Safety Record""]"
81,Will Riley,will.riley81@demo.example.com,"43 Hangleton Road, Brighton",BN1 25FG,Converted Loft,pro,"[""Tenancy Agreement"",""EPC Certificate"",""Insurance Policy"",""EICR Certificate"",""Boiler Service Report""]"
82,Theo Cross,theo.cross82@demo.example.com,"178 Lewes Road, Brighton",BN2 43IP,Coach House,pro,"[""Gas Safety Record"",""Proof of Address""]"
83,Grace Wade,grace.wade83@demo.example.com,"36 Lansdowne Place, Brighton",BN3 71ON,Flat,free,[]
84,Kara Sharp,kara.sharp84@demo.example.com,"35 London Road, Brighton",BN2 37EH,Maisonette,free,[]
85,Bianca Hughes,bianca.hughes85@demo.example.com,"183 Blatchington Road, Brighton",BN2 37ZF,Coach House,pro,"[""Land Registry Title"",""EICR Certificate"",""Photo ID"",""Proof of Address""]"
86,Zane Peters,zane.peters86@demo.example.com,"100 Lewes Road, Brighton",BN1 28DY,Bungalow,free,[]
87,Zara Moore,zara.moore87@demo.example.com,"48 Church Road, Brighton",BN3 30DT,Maisonette,free,[]
88,Logan Taylor,logan.taylor88@demo.example.com,"173 Fonthill Road, Brighton",BN1 55RM,Semi-detached,pro,"[""Boiler Service Report"",""Tenancy Agreement"",""Insurance Policy"",""EPC Certificate"",""EICR Certificate""]"
89,Yasmin Hayes,yasmin.hayes89@demo.example.com,"149, Flat 10 College Road, Brighton",BN1 00AF,Converted Loft,pro,"[""Gas Safety Record"",""EPC Certificate""]"
90,Pia Clarke,pia.clarke90@demo.example.com,"7 The Lanes, Brighton",BN3 58WF,Semi-detached,free,[]
91,Zara Sharp,zara.sharp91@demo.example.com,"33 Beaconsfield Villas, Brighton",BN3 43LM,Coach House,pro,"[""Tenancy Agreement"",""EICR Certificate"",""Insurance Policy"",""Gas Safety Record""]"
92,Cleo Gray,cleo.gray92@demo.example.com,"204 Bond Street, Brighton",BN2 03JS,Terraced,free,[]
93,Wren Frost,wren.frost93@demo.example.com,"69 Wilbury Avenue, Brighton",BN3 68DE,Bungalow,free,[]
94,Mila Nash,mila.nash94@demo.example.com,"20 Western Road, Brighton",BN1 10ZE,Terraced,pro,"[""Photo ID"",""EPC Certificate"",""Boiler Service Report"",""Land Registry Title"",""Gas Safety Record""]"
95,Ronan Reed,ronan.reed95@demo.example.com,"76 Upper Gardner Street, Brighton",BN1 63OF,Terraced,free,[]
96,Aaron Day,aaron.day96@demo.example.com,"134, Flat 5 Church Road, Brighton",BN1 22CD,Bungalow,pro,"[""Boiler Service Report"",""Gas Safety Record""]"
97,Harvey Xu,harvey.xu97@demo.example.com,"107 Portland Road, Brighton",BN2 00DP,Converted Loft,pro,"[""EPC Certificate"",""Renovation Receipts"",""Boiler Service Report"",""Photo ID""]"
98,Uri Wade,uri.wade98@demo.example.com,"201 North Street, Brighton",BN2 88YH,Bungalow,free,[]
99,Olive Vale,olive.vale99@demo.example.com,"174 Beaconsfield Villas, Brighton",BN3 17BB,Semi-detached,pro,"[""Land Registry Title"",""EPC Certificate""]"
100,Zara Jones,zara.jones100@demo.example.com,"87 Ship Street, Brighton",BN2 51YW,Semi-detached,pro,"[""Tenancy Agreement"",""EICR Certificate"",""Gas Safety Record""]"
101,Harvey Nash,harvey.nash101@demo.example.com,"154 Western Road, Brighton",BN3 32BG,Converted Loft,pro,"[""Photo ID"",""EICR Certificate"",""Tenancy Agreement""]"
102,Una Gray,una.gray102@demo.example.com,"206 Valley Gardens, Brighton",BN3 11PS,Bungalow,pro,"[""EPC Certificate"",""Tenancy Agreement""]"
103,Hugo Jones,hugo.jones103@demo.example.com,"72 Queens Road, Brighton",BN3 57AA,Terraced,pro,"[""Land Registry Title"",""Insurance Policy"",""Gas Safety Record""]"
104,Ben Ward,ben.ward104@demo.example.com,"198 College Road, Brighton",BN1 03YY,Converted Loft,free,[]
105,Liam Moore,liam.moore105@demo.example.com,"75 London Road, Brighton",BN1 30AV,Detached,free,[]
106,Wren Osborne,wren.osborne106@demo.example.com,"200, Flat 9 Wilbury Road, Brighton",BN3 46UW,Semi-detached,free,[]
107,Una Osborne,una.osborne107@demo.example.com,"104 Fonthill Road, Brighton",BN1 75NU,Coach House,pro,"[""Insurance Policy"",""Renovation Receipts"",""Land Registry Title""]"
108,Isla Lane,isla.lane108@demo.example.com,"108 Lewes Road, Brighton",BN1 27PD,Converted Loft,pro,"[""Photo ID"",""EPC Certificate"",""EICR Certificate"",""Proof of Address""]"
109,Una Smith,una.smith109@demo.example.com,"64 Queens Road, Brighton",BN2 23CW,Bungalow,pro,"[""EPC Certificate"",""Land Registry Title"",""Insurance Policy"",""Photo ID"",""Renovation Receipts""]"
110,Finn Peters,finn.peters110@demo.example.com,"94 Manor Hill, Brighton",BN3 47KI,Detached,free,[]
111,Iris Price,iris.price111@demo.example.com,"163 Hampstead Road, Brighton",BN3 54RS,Semi-detached,free,[]
112,Quinn Cooper,quinn.cooper112@demo.example.com,"30 Upper North Street, Brighton",BN3 44XQ,Converted Loft,free,[]
113,Noah Reed,noah.reed113@demo.example.com,"210 Bond Street, Brighton",BN3 20OA,Coach House,free,[]
114,Zane Webb,zane.webb114@demo.example.com,"149 Ship Street, Brighton",BN1 04SN,Detached,pro,"[""Land Registry Title"",""Tenancy Agreement"",""Renovation Receipts"",""EPC Certificate"",""Photo ID""]"
115,Sam Banks,sam.banks115@demo.example.com,"168 Hampstead Road, Brighton",BN2 61FY,Semi-detached,pro,"[""EPC Certificate"",""Boiler Service Report"",""Renovation Receipts"",""Insurance Policy"",""Photo ID""]"
116,Olive Webb,olive.webb116@demo.example.com,"98 Baker Street, Brighton",BN2 48LZ,Detached,free,[]
117,Una Phillips,una.phillips117@demo.example.com,"172 Blatchington Road, Brighton",BN2 08FU,Converted Loft,free,[]
118,Keira Phillips,keira.phillips118@demo.example.com,"208 Montpelier Road, Brighton",BN2 28JK,Flat,pro,"[""EICR Certificate"",""EPC Certificate"",""Insurance Policy"",""Proof of Address""]"
119,Kara Moore,kara.moore119@demo.example.com,"204 Upper North Street, Brighton",BN2 07PB,Coach House,pro,"[""Tenancy Agreement"",""EICR Certificate"",""Gas Safety Record""]"
120,Georgia Day,georgia.day120@demo.example.com,"208 Lansdowne Place, Brighton",BN3 66EI,Detached,free,[]
121,Ronan Zeller,ronan.zeller121@demo.example.com,"26 College Road, Brighton",BN3 74NM,Converted Loft,pro,"[""EICR Certificate"",""Tenancy Agreement"",""EPC Certificate""]"
122,Ronan Price,ronan.price122@demo.example.com,"126 Hove Park Road, Brighton",BN2 48KZ,Terraced,free,[]
123,Cleo Brooks,cleo.brooks123@demo.example.com,"73, Flat 8 Portland Road, Brighton",BN1 80SH,Semi-detached,pro,"[""Boiler Service Report"",""EICR Certificate""]"
124,Hugo Wade,hugo.wade124@demo.example.com,"92 York Place, Brighton",BN3 84ON,Semi-detached,free,[]
125,Hugo Reed,hugo.reed125@demo.example.com,"118 New England Street, Brighton",BN1 72HJ,Detached,free,[]
126,Wren Young,wren.young126@demo.example.com,"186 Hanover Terrace, Brighton",BN3 48LH,Converted Loft,pro,"[""Boiler Service Report"",""Gas Safety Record""]"
127,Tara Fox,tara.fox127@demo.example.com,"198 Holland Road, Brighton",BN3 01RG,Detached,pro,"[""Boiler Service Report"",""EPC Certificate"",""Insurance Policy"",""Renovation Receipts"",""Land Registry Title""]"
128,Una Banks,una.banks128@demo.example.com,"144 Ship Street, Brighton",BN2 01WL,Coach House,pro,"[""Insurance Policy"",""Land Registry Title"",""Tenancy Agreement"",""Boiler Service Report"",""Renovation Receipts""]"
129,Tara Young,tara.young129@demo.example.com,"120, Flat 5 Upper North Street, Brighton",BN3 87VU,Bungalow,free,[]
130,Will Turner,will.turner130@demo.example.com,"192, Flat 11 Beaconsfield Villas, Brighton",BN2 28YZ,Semi-detached,pro,"[""Tenancy Agreement"",""Boiler Service Report""]"
131,Finn Webb,finn.webb131@demo.example.com,"23 Richmond Road, Brighton",BN2 45MM,Maisonette,free,[]
132,Noah Hayes,noah.hayes132@demo.example.com,"159 Montpelier Road, Brighton",BN2 26EL,Maisonette,pro,"[""Tenancy Agreement"",""EICR Certificate"",""Gas Safety Record""]"
133,Alice Nash,alice.nash133@demo.example.com,"62 Sackville Road, Brighton",BN1 80BP,Maisonette,free,[]
134,Cleo Osborne,cleo.osborne134@demo.example.com,"21 Fonthill Road, Brighton",BN2 03FX,Converted Loft,pro,"[""Tenancy Agreement"",""Renovation Receipts""]"
135,Wren Osborne,wren.osborne135@demo.example.com,"53, Flat 10 Hove Park Road, Brighton",BN3 13AW,Coach House,pro,"[""Photo ID"",""Boiler Service Report""]"
136,Harvey Zeller,harvey.zeller136@demo.example.com,"174 Marine Parade, Brighton",BN3 41ZC,Converted Loft,pro,"[""Gas Safety Record"",""Proof of Address"",""Renovation Receipts"",""EICR Certificate""]"
137,Mila Reed,mila.reed137@demo.example.com,"13 Preston Road, Brighton",BN1 58OE,Coach House,pro,"[""EICR Certificate"",""Gas Safety Record""]"
138,Jonah Frost,jonah.frost138@demo.example.com,"24 Upper Gardner Street, Brighton",BN3 42TI,Maisonette,pro,"[""Photo ID"",""Boiler Service Report""]"
139,Alice Jones,alice.jones139@demo.example.com,"148 Marine Parade, Brighton",BN2 31CF,Semi-detached,pro,"[""Tenancy Agreement"",""Boiler Service Report""]"
140,Wren Baker,wren.baker140@demo.example.com,"13 Fonthill Road, Brighton",BN3 71LZ,Bungalow,pro,"[""EPC Certificate"",""Boiler Service Report"",""Insurance Policy""]"
141,Alice Adams,alice.adams141@demo.example.com,"41 Western Road, Brighton",BN2 02OA,Bungalow,pro,"[""Renovation Receipts"",""Boiler Service Report"",""Tenancy Agreement"",""EICR Certificate"",""Gas Safety Record""]"
142,Will Cooper,will.cooper142@demo.example.com,"10 The Lanes, Brighton",BN2 28VN,Semi-detached,free,[]
143,Wren Collins,wren.collins143@demo.example.com,"32 Valley Gardens, Brighton",BN3 60YF,Terraced,pro,"[""Tenancy Agreement"",""EICR Certificate""]"
144,Ronan Walker,ronan.walker144@demo.example.com,"46 Manor Hill, Brighton",BN1 71EA,Semi-detached,free,[]
145,Elena Lane,elena.lane145@demo.example.com,"22 Ditchling Road, Brighton",BN2 75HV,Terraced,pro,"[""Photo ID"",""Insurance Policy"",""Land Registry Title"",""EPC Certificate""]"
146,Daria Nash,daria.nash146@demo.example.com,"209 North Street, Brighton",BN2 72YN,Maisonette,free,[]
147,Rae Webb,rae.webb147@demo.example.com,"163 The Lanes, Brighton",BN3 45DU,Detached,pro,"[""Tenancy Agreement"",""Boiler Service Report"",""Renovation Receipts"",""Proof of Address""]"
148,Uri Edwards,uri.edwards148@demo.example.com,"19 Ditchling Road, Brighton",BN1 43MN,Maisonette,free,[]
149,Will Turner,will.turner149@demo.example.com,"80 Norfolk Square, Brighton",BN2 21MR,Flat,free,[]
150,Georgia Vale,georgia.vale150@demo.example.com,"127 Elm Grove, Brighton",BN1 14IS,Bungalow,pro,"[""Proof of Address"",""Land Registry Title"",""EICR Certificate""]"
151,Aaron Peters,aaron.peters151@demo.example.com,"45 Stanford Avenue, Brighton",BN2 74VK,Converted Loft,free,[]
152,Liam Sharp,liam.sharp152@demo.example.com,"120 Preston Road, Brighton",BN1 40ZW,Maisonette,free,[]
153,Eve Adams,eve.adams153@demo.example.com,"40 Ditchling Road, Brighton",BN1 57AK,Coach House,free,[]
154,Maya Wade,maya.wade154@demo.example.com,"32 Sussex Square, Brighton",BN3 23DT,Bungalow,free,[]
155,Theo Xu,theo.xu155@demo.example.com,"37 Hangleton Road, Brighton",BN3 33QR,Semi-detached,free,[]
156,Theo Hayes,theo.hayes156@demo.example.com,"146, Flat 1 Ditchling Road, Brighton",BN2 88ZH,Coach House,pro,"[""Photo ID"",""Boiler Service Report"",""Renovation Receipts""]"
157,Jonah Young,jonah.young157@demo.example.com,"51 Ship Street, Brighton",BN2 22TL,Converted Loft,free,[]
158,Olive Hayes,olive.hayes158@demo.example.com,"51 Upper North Street, Brighton",BN3 20JD,Semi-detached,pro,"[""EPC Certificate"",""Tenancy Agreement""]"
159,Nico Jones,nico.jones159@demo.example.com,"211, Flat 7 Montpelier Road, Brighton",BN1 86RA,Converted Loft,pro,"[""Tenancy Agreement"",""Photo ID"",""EICR Certificate""]"
160,Cleo Collins,cleo.collins160@demo.example.com,"191 York Place, Brighton",BN2 70QC,Maisonette,free,[]
161,Pia Jones,pia.jones161@demo.example.com,"11 Hanover Terrace, Brighton",BN2 81FK,Semi-detached,pro,"[""EPC Certificate"",""Tenancy Agreement""]"
162,Poppy Underwood,poppy.underwood162@demo.example.com,"25 New England Street, Brighton",BN3 48TG,Bungalow,free,[]
163,Isla Morgan,isla.morgan163@demo.example.com,"151 Preston Road, Brighton",BN3 41KS,Coach House,free,[]
164,Kara Riley,kara.riley164@demo.example.com,"87 Goldstone Villas, Brighton",BN3 68SU,Bungalow,free,[]
165,Noah Young,noah.young165@demo.example.com,"124 Church Road, Brighton",BN2 16GP,Semi-detached,free,[]
166,Georgia Hart,georgia.hart166@demo.example.com,"46 Lewes Road, Brighton",BN2 55ZJ,Converted Loft,pro,"[""Land Registry Title"",""Proof of Address"",""Renovation Receipts"",""Insurance Policy"",""Photo ID""]"
167,Logan Davies,logan.davies167@demo.example.com,"200 Portland Road, Brighton",BN3 30SE,Converted Loft,free,[]
168,Georgia Hayes,georgia.hayes168@demo.example.com,"75 Clarence Square, Brighton",BN2 67TU,Terraced,free,[]
169,Uri Carter,uri.carter169@demo.example.com,"69 New England Street, Brighton",BN3 63YD,Semi-detached,pro,"[""Tenancy Agreement"",""Photo ID"",""Insurance Policy"",""EICR Certificate""]"
170,Victor Hart,victor.hart170@demo.example.com,"18 Preston Road, Brighton",BN3 75DG,Semi-detached,free,[]
171,Noah Phillips,noah.phillips171@demo.example.com,"67 Baker Street, Brighton",BN3 76YG,Terraced,free,[]
172,Dylan Baker,dylan.baker172@demo.example.com,"181, Flat 4 Portland Road, Brighton",BN3 40WX,Flat,pro,"[""EICR Certificate"",""Proof of Address""]"
173,Cleo Moore,cleo.moore173@demo.example.com,"8 Ditchling Road, Brighton",BN3 72LZ,Maisonette,free,[]
174,Noah Clarke,noah.clarke174@demo.example.com,"51 Kingsway, Brighton",BN3 72EO,Converted Loft,pro,"[""Gas Safety Record"",""Tenancy Agreement""]"
175,Nico Smith,nico.smith175@demo.example.com,"146 Upper North Street, Brighton",BN2 71MY,Converted Loft,free,[]
176,Yasmin Fisher,yasmin.fisher176@demo.example.com,"79 Lewes Road, Brighton",BN3 56OW,Semi-detached,free,[]
177,Poppy Adams,poppy.adams177@demo.example.com,"21, Flat 9 Hove Park Road, Brighton",BN3 46IA,Converted Loft,free,[]
178,Sienna Howe,sienna.howe178@demo.example.com,"182 Valley Gardens, Brighton",BN3 54DN,Detached,free,[]
179,Hugo Reed,hugo.reed179@demo.example.com,"151 Lansdowne Place, Brighton",BN2 03EK,Flat,free,[]
180,Ben Walker,ben.walker180@demo.example.com,"75 Western Road, Brighton",BN1 42WO,Bungalow,pro,"[""Gas Safety Record"",""Photo ID"",""Land Registry Title"",""Insurance Policy""]"
181,Pia Turner,pia.turner181@demo.example.com,"115, Flat 5 Hampstead Road, Brighton",BN2 43QJ,Bungalow,free,[]
182,Grace Phillips,grace.phillips182@demo.example.com,"171 Lewes Road, Brighton",BN3 50TG,Converted Loft,free,[]
183,Harvey Frost,harvey.frost183@demo.example.com,"123 Baker Street, Brighton",BN1 07SL,Bungalow,free,[]
184,Wren Lane,wren.lane184@demo.example.com,"184 Sackville Road, Brighton",BN1 51LJ,Flat,free,[]
185,Ben Young,ben.young185@demo.example.com,"27 North Street, Brighton",BN2 44KK,Flat,free,[]
186,Ronan Vale,ronan.vale186@demo.example.com,"93 North Street, Brighton",BN3 54HW,Maisonette,pro,"[""EPC Certificate"",""Tenancy Agreement"",""Proof of Address"",""EICR Certificate""]"
187,Ronan Brooks,ronan.brooks187@demo.example.com,"142 Hove Park Road, Brighton",BN2 63ES,Flat,pro,"[""Land Registry Title"",""Insurance Policy"",""Tenancy Agreement"",""Gas Safety Record""]"
188,Maya Howe,maya.howe188@demo.example.com,"185 Lansdowne Place, Brighton",BN2 66AG,Bungalow,free,[]
189,Wren Baker,wren.baker189@demo.example.com,"111 London Road, Brighton",BN2 63KM,Terraced,free,[]
190,Xena Baker,xena.baker190@demo.example.com,"7 Gloucester Road, Brighton",BN2 80FH,Converted Loft,free,[]
191,Nico Cooper,nico.cooper191@demo.example.com,"82 Ditchling Road, Brighton",BN2 52BH,Terraced,free,[]
192,Felix Clarke,felix.clarke192@demo.example.com,"144 Hampstead Road, Brighton",BN3 47ZL,Maisonette,free,[]
193,Mila Baker,mila.baker193@demo.example.com,"178 Hampstead Road, Brighton",BN2 20YL,Detached,pro,"[""Gas Safety Record"",""Photo ID"",""Insurance Policy""]"
194,Will Quincy,will.quincy194@demo.example.com,"165 Palmeira Square, Brighton",BN3 00FG,Bungalow,free,[]
195,Keira Brooks,keira.brooks195@demo.example.com,"172 Ship Street, Brighton",BN2 82AW,Terraced,pro,"[""Land Registry Title"",""Tenancy Agreement"",""Boiler Service Report"",""Insurance Policy"",""EPC Certificate""]"
196,Daria Brooks,daria.brooks196@demo.example.com,"98, Flat 7 Bond Street, Brighton",BN2 66AI,Maisonette,pro,"[""Proof of Address"",""Tenancy Agreement"",""EPC Certificate""]"
197,Kara Brooks,kara.brooks197@demo.example.com,"65 Wilbury Avenue, Brighton",BN2 14OP,Terraced,pro,"[""Photo ID"",""Gas Safety Record"",""Land Registry Title"",""Renovation Receipts"",""EICR Certificate""]"
198,Una Wade,una.wade198@demo.example.com,"105 Marine Parade, Brighton",BN3 37NI,Detached,free,[]
199,Finn Cross,finn.cross199@demo.example.com,"210 Hove Park Road, Brighton",BN1 83XN,Semi-detached,free,[]
200,Sam Davies,sam.davies200@demo.example.com,"116 New England Street, Brighton",BN2 08TB,Bungalow,pro,"[""Insurance Policy"",""Tenancy Agreement"",""Gas Safety Record"",""Proof of Address""]"
201,Iris Edwards,iris.edwards201@demo.example.com,"112, Flat 10 Portland Road, Brighton",BN2 16JH,Coach House,pro,"[""EICR Certificate"",""Land Registry Title"",""Tenancy Agreement"",""Insurance Policy""]"
202,Felix Price,felix.price202@demo.example.com,"96 Hanover Terrace, Brighton",BN1 06DY,Converted Loft,free,[]
203,Uri Morgan,uri.morgan203@demo.example.com,"136 Stanford Avenue, Brighton",BN1 22WA,Maisonette,pro,"[""Land Registry Title"",""Boiler Service Report"",""Renovation Receipts""]"
204,Pia Baker,pia.baker204@demo.example.com,"110 Hartington Road, Brighton",BN3 10VU,Converted Loft,pro,"[""Photo ID"",""Land Registry Title""]"
205,Finn Hart,finn.hart205@demo.example.com,"34 London Road, Brighton",BN1 74JE,Bungalow,free,[]
206,Yasmin Morgan,yasmin.morgan206@demo.example.com,"111 York Place, Brighton",BN2 68ZL,Semi-detached,free,[]
207,Iris King,iris.king207@demo.example.com,"181 Queens Road, Brighton",BN2 38PL,Bungalow,pro,"[""Tenancy Agreement"",""EICR Certificate"",""EPC Certificate""]"
208,Eve Riley,eve.riley208@demo.example.com,"167 North Street, Brighton",BN3 46QF,Maisonette,free,[]
209,Mila Baker,mila.baker209@demo.example.com,"131 Richmond Road, Brighton",BN2 40WU,Terraced,free,[]
210,Ronan Banks,ronan.banks210@demo.example.com,"25 Church Road, Brighton",BN1 76YQ,Semi-detached,free,[]
211,Yasmin Phillips,yasmin.phillips211@demo.example.com,"137 Elm Grove, Brighton",BN1 70ZY,Bungalow,free,[]
212,Maya Nash,maya.nash212@demo.example.com,"142 Elm Grove, Brighton",BN3 74PK,Coach House,pro,"[""EPC Certificate"",""EICR Certificate"",""Land Registry Title""]"
213,Nico Davies,nico.davies213@demo.example.com,"210 Norfolk Square, Brighton",BN3 78SH,Terraced,free,[]
214,Rae Palmer,rae.palmer214@demo.example.com,"44 Sussex Square, Brighton",BN1 21BN,Detached,pro,"[""Photo ID"",""EPC Certificate"",""Insurance Policy""]"
215,Ronan Cooper,ronan.cooper215@demo.example.com,"49 Baker Street, Brighton",BN2 27CD,Terraced,free,[]
216,Una Zeller,una.zeller216@demo.example.com,"41 Marine Parade, Brighton",BN1 15UV,Terraced,free,[]
217,Uri Vale,uri.vale217@demo.example.com,"21 Hangleton Road, Brighton",BN2 13AZ,Flat,pro,"[""EICR Certificate"",""Renovation Receipts""]"
218,Georgia Fisher,georgia.fisher218@demo.example.com,"80 Blatchington Road, Brighton",BN3 48AZ,Flat,free,[]
219,Pia Morgan,pia.morgan219@demo.example.com,"151 Lewes Road, Brighton",BN2 83ZN,Detached,free,[]
220,Georgia Day,georgia.day220@demo.example.com,"209, Flat 10 Kingsway, Brighton",BN2 43EZ,Bungalow,pro,"[""Boiler Service Report"",""EICR Certificate"",""Renovation Receipts"",""Tenancy Agreement""]"
221,Quinn Adams,quinn.adams221@demo.example.com,"138 Gloucester Road, Brighton",BN1 08BV,Coach House,free,[]
222,Zane Wade,zane.wade222@demo.example.com,"100 Upper North Street, Brighton",BN1 61XK,Coach House,pro,"[""Boiler Service Report"",""Renovation Receipts""]"
223,Kara Hart,kara.hart223@demo.example.com,"109, Flat 12 Norfolk Square, Brighton",BN1 43WS,Bungalow,free,[]
224,Vera Wade,vera.wade224@demo.example.com,"86 Upper North Street, Brighton",BN3 37YO,Semi-detached,pro,"[""Proof of Address"",""Tenancy Agreement"",""Renovation Receipts""]"
225,Alice Ward,alice.ward225@demo.example.com,"157 Marine Parade, Brighton",BN1 01XZ,Maisonette,pro,"[""EICR Certificate"",""Gas Safety Record"",""Insurance Policy"",""Photo ID""]"
226,Callum Osborne,callum.osborne226@demo.example.com,"55 Hanover Terrace, Brighton",BN3 33HY,Coach House,pro,"[""Photo ID"",""Renovation Receipts"",""Tenancy Agreement"",""Proof of Address""]"
227,Poppy Nash,poppy.nash227@demo.example.com,"101 Preston Road, Brighton",BN2 75DU,Bungalow,pro,"[""Land Registry Title"",""Photo ID"",""Gas Safety Record""]"
228,Bianca Price,bianca.price228@demo.example.com,"14 Portland Road, Brighton",BN3 72UT,Terraced,pro,"[""Renovation Receipts"",""Photo ID"",""Boiler Service Report""]"
229,Cleo Cooper,cleo.cooper229@demo.example.com,"92 Wilbury Avenue, Brighton",BN1 13FY,Bungalow,pro,"[""Photo ID"",""Gas Safety Record"",""Boiler Service Report"",""EPC Certificate""]"
230,Tara Clarke,tara.clarke230@demo.example.com,"197 Beaconsfield Villas, Brighton",BN2 55ME,Converted Loft,pro,"[""Gas Safety Record"",""Land Registry Title"",""Tenancy Agreement""]"
231,Sam Frost,sam.frost231@demo.example.com,"62 Baker Street, Brighton",BN1 36WU,Semi-detached,free,[]
232,Victor Davies,victor.davies232@demo.example.com,"65 London Road, Brighton",BN1 84KR,Coach House,free,[]
233,Ronan Howe,ronan.howe233@demo.example.com,"12 Fonthill Road, Brighton",BN2 28WH,Semi-detached,free,[]
234,Poppy Price,poppy.price234@demo.example.com,"139 Richmond Road, Brighton",BN2 24FP,Detached,pro,"[""Tenancy Agreement"",""Boiler Service Report"",""Insurance Policy"",""EICR Certificate""]"
235,Olive Fox,olive.fox235@demo.example.com,"72 New England Street, Brighton",BN1 78JN,Bungalow,free,[]
236,Maya Gray,maya.gray236@demo.example.com,"135 Norfolk Square, Brighton",BN1 82AF,Converted Loft,pro,"[""EPC Certificate"",""Tenancy Agreement"",""Insurance Policy"",""EICR Certificate""]"
237,Tara Moore,tara.moore237@demo.example.com,"138 Richmond Road, Brighton",BN2 21ZH,Converted Loft,pro,"[""Tenancy Agreement"",""Boiler Service Report"",""Land Registry Title"",""Photo ID""]"
238,Una Clarke,una.clarke238@demo.example.com,"155 Clarence Square, Brighton",BN1 75UQ,Coach House,pro,"[""EICR Certificate"",""Tenancy Agreement"",""Photo ID"",""Renovation Receipts""]"
239,Tara Fox,tara.fox239@demo.example.com,"56 Sussex Square, Brighton",BN2 50OF,Bungalow,free,[]
240,Felix Clarke,felix.clarke240@demo.example.com,"20 Valley Gardens, Brighton",BN1 54CT,Converted Loft,free,[]
241,Bianca Cross,bianca.cross241@demo.example.com,"31 Fonthill Road, Brighton",BN2 57EO,Maisonette,pro,"[""Tenancy Agreement"",""Boiler Service Report""]"
242,Zane Webb,zane.webb242@demo.example.com,"199 Stanford Avenue, Brighton",BN1 27LK,Terraced,free,[]
243,Tara Moore,tara.moore243@demo.example.com,"57 Stanford Avenue, Brighton",BN1 38LJ,Semi-detached,free,[]
244,Theo Reed,theo.reed244@demo.example.com,"116 Hartington Road, Brighton",BN1 65YF,Maisonette,free,[]
245,Olive Wade,olive.wade245@demo.example.com,"183 Hove Park Road, Brighton",BN2 55QI,Flat,pro,"[""Photo ID"",""Tenancy Agreement""]"
246,Felix Frost,felix.frost246@demo.example.com,"195, Flat 3 Elm Grove, Brighton",BN2 60RG,Terraced,free,[]
247,Kara Nash,kara.nash247@demo.example.com,"4 Richmond Road, Brighton",BN2 38QH,Terraced,free,[]
248,Grace Palmer,grace.palmer248@demo.example.com,"187 Ship Street, Brighton",BN1 70MD,Maisonette,pro,"[""EICR Certificate"",""Boiler Service Report"",""Insurance Policy"",""EPC Certificate"",""Land Registry Title""]"
249,Nico Cross,nico.cross249@demo.example.com,"53 Manor Hill, Brighton",BN3 64ID,Maisonette,free,[]
250,Mila Price,mila.price250@demo.example.com,"122 Sackville Road, Brighton",BN1 42PN,Maisonette,pro,"[""Land Registry Title"",""Insurance Policy"",""EICR Certificate"",""Proof of Address""]"
251,Dylan Cross,dylan.cross251@demo.example.com,"20 Lewes Road, Brighton",BN3 33NC,Flat,free,[]
252,Elena Hayes,elena.hayes252@demo.example.com,"189, Flat 8 Hangleton Road, Brighton",BN1 57XO,Coach House,free,[]
253,Wren Brooks,wren.brooks253@demo.example.com,"124 North Street, Brighton",BN3 04BC,Semi-detached,pro,"[""Boiler Service Report"",""Renovation Receipts""]"
254,Theo Webb,theo.webb254@demo.example.com,"88 Fonthill Road, Brighton",BN3 28GL,Converted Loft,pro,"[""EPC Certificate"",""Photo ID""]"
255,Liam Clarke,liam.clarke255@demo.example.com,"173 Brighton Place, Brighton",BN2 55NE,Coach House,free,[]
256,Harvey Osborne,harvey.osborne256@demo.example.com,"35 Lewes Road, Brighton",BN1 46YE,Bungalow,free,[]
257,Zane Howe,zane.howe257@demo.example.com,"174 London Road, Brighton",BN2 82RR,Coach House,free,[]
258,Aaron Moore,aaron.moore258@demo.example.com,"157 Sussex Square, Brighton",BN3 85KI,Semi-detached,pro,"[""Tenancy Agreement"",""EICR Certificate""]"
259,Felix Fisher,felix.fisher259@demo.example.com,"6, Flat 10 Ship Street, Brighton",BN2 76KL,Semi-detached,pro,"[""Boiler Service Report"",""Proof of Address"",""Tenancy Agreement"",""Photo ID""]"
260,Tara Cooper,tara.cooper260@demo.example.com,"34 Norfolk Square, Brighton",BN3 38GI,Flat,pro,"[""Insurance Policy"",""Renovation Receipts"",""EPC Certificate"",""Gas Safety Record""]"
261,Eve Adams,eve.adams261@demo.example.com,"72 Brighton Place, Brighton",BN2 43MS,Terraced,free,[]
262,Georgia Carter,georgia.carter262@demo.example.com,"175 Fonthill Road, Brighton",BN2 51BV,Coach House,free,[]
263,Cleo Quincy,cleo.quincy263@demo.example.com,"83 Norfolk Square, Brighton",BN1 18ME,Flat,free,[]
264,Una Gardner,una.gardner264@demo.example.com,"172 George Street, Brighton",BN3 85MU,Coach House,free,[]
265,Quinn Brooks,quinn.brooks265@demo.example.com,"85 Kingsway, Brighton",BN2 76HT,Semi-detached,pro,"[""Photo ID"",""Proof of Address""]"
266,Ronan Hughes,ronan.hughes266@demo.example.com,"21, Flat 10 The Lanes, Brighton",BN3 78VO,Coach House,pro,"[""EPC Certificate"",""Land Registry Title"",""Renovation Receipts"",""Boiler Service Report""]"
267,Felix Price,felix.price267@demo.example.com,"67, Flat 3 Clarence Square, Brighton",BN3 32XT,Semi-detached,pro,"[""Insurance Policy"",""EPC Certificate"",""Boiler Service Report""]"
268,Liam Smith,liam.smith268@demo.example.com,"35 Western Road, Brighton",BN1 06ZF,Terraced,free,[]
269,Iris Peters,iris.peters269@demo.example.com,"67, Flat 5 Queens Road, Brighton",BN1 54JB,Maisonette,free,[]
270,Alice Edwards,alice.edwards270@demo.example.com,"145, Flat 9 Ditchling Road, Brighton",BN1 18PB,Detached,pro,"[""Tenancy Agreement"",""EICR Certificate"",""Renovation Receipts"",""Gas Safety Record""]"
271,Eve Zeller,eve.zeller271@demo.example.com,"115, Flat 5 Hartington Road, Brighton",BN1 77VB,Maisonette,free,[]
272,Logan Lane,logan.lane272@demo.example.com,"44 Lansdowne Place, Brighton",BN2 18BF,Flat,free,[]
273,Xena Brooks,xena.brooks273@demo.example.com,"35 Hove Park Road, Brighton",BN3 68EF,Coach House,pro,"[""Insurance Policy"",""Gas Safety Record""]"
274,Tara Sharp,tara.sharp274@demo.example.com,"89 Dyke Road, Brighton",BN2 01LG,Coach House,free,[]
275,Isla Baker,isla.baker275@demo.example.com,"77 Brighton Place, Brighton",BN2 52RV,Semi-detached,pro,"[""EICR Certificate"",""EPC Certificate"",""Tenancy Agreement"",""Proof of Address""]"
276,Cleo Wade,cleo.wade276@demo.example.com,"60 York Place, Brighton",BN2 54CQ,Terraced,pro,"[""Land Registry Title"",""Proof of Address"",""EPC Certificate"",""Insurance Policy""]"
277,Theo Osborne,theo.osborne277@demo.example.com,"117 Manor Hill, Brighton",BN1 28XR,Flat,pro,"[""Gas Safety Record"",""Proof of Address""]"
278,Aaron Vale,aaron.vale278@demo.example.com,"123 Clarence Square, Brighton",BN1 36SX,Detached,free,[]
279,Grace Wade,grace.wade279@demo.example.com,"166 Gloucester Road, Brighton",BN3 41IW,Coach House,pro,"[""Insurance Policy"",""Photo ID"",""Land Registry Title"",""Boiler Service Report"",""Tenancy Agreement""]"
280,Felix Underwood,felix.underwood280@demo.example.com,"141 Montpelier Road, Brighton",BN3 06YR,Bungalow,free,[]
281,Wren Underwood,wren.underwood281@demo.example.com,"188 Upper North Street, Brighton",BN1 40ES,Converted Loft,free,[]
282,Dylan Taylor,dylan.taylor282@demo.example.com,"100 London Road, Brighton",BN1 83WF,Detached,free,[]
283,Orla Cross,orla.cross283@demo.example.com,"179, Flat 12 Ship Street, Brighton",BN2 07ZK,Coach House,free,[]
284,Rae Davies,rae.davies284@demo.example.com,"145 George Street, Brighton",BN3 48GO,Terraced,free,[]
285,Sienna Phillips,sienna.phillips285@demo.example.com,"27 The Lanes, Brighton",BN3 77XN,Maisonette,pro,"[""Land Registry Title"",""Renovation Receipts"",""Tenancy Agreement"",""Insurance Policy""]"
286,Alice Ward,alice.ward286@demo.example.com,"115, Flat 1 Holland Road, Brighton",BN1 42IM,Detached,pro,"[""Photo ID"",""EICR Certificate"",""Proof of Address"",""Tenancy Agreement"",""Renovation Receipts""]"
287,Xena Ward,xena.ward287@demo.example.com,"104 New England Street, Brighton",BN3 80SI,Detached,free,[]
288,Nico Brooks,nico.brooks288@demo.example.com,"200 Hanover Terrace, Brighton",BN1 42JV,Bungalow,pro,"[""Photo ID"",""Boiler Service Report"",""Renovation Receipts"",""Land Registry Title""]"
289,Nico Ward,nico.ward289@demo.example.com,"191 Stanford Avenue, Brighton",BN1 40NC,Converted Loft,pro,"[""Tenancy Agreement"",""Photo ID"",""Land Registry Title"",""Renovation Receipts""]"
290,Daria Ivory,daria.ivory290@demo.example.com,"187 Grand Avenue, Brighton",BN3 73MP,Converted Loft,free,[]
291,Zane Jones,zane.jones291@demo.example.com,"80 Hangleton Road, Brighton",BN2 41AS,Converted Loft,free,[]
292,Theo Taylor,theo.taylor292@demo.example.com,"159 Lansdowne Place, Brighton",BN1 60FZ,Bungalow,pro,"[""Gas Safety Record"",""Photo ID"",""Boiler Service Report"",""Insurance Policy"",""Land Registry Title""]"
293,Finn Gray,finn.gray293@demo.example.com,"207 Western Road, Brighton",BN2 45FK,Coach House,free,[]
294,Noah Edwards,noah.edwards294@demo.example.com,"65 Holland Road, Brighton",BN2 52TA,Terraced,free,[]
295,Sam Osborne,sam.osborne295@demo.example.com,"2 Upper Gardner Street, Brighton",BN2 26YE,Bungalow,free,[]
296,Finn Clarke,finn.clarke296@demo.example.com,"92 Sackville Road, Brighton",BN1 16UD,Detached,free,[]
297,Ben Clarke,ben.clarke297@demo.example.com,"118, Flat 9 Church Road, Brighton",BN3 64ZH,Terraced,pro,"[""Land Registry Title"",""Boiler Service Report"",""Tenancy Agreement""]"
298,Daria Day,daria.day298@demo.example.com,"154, Flat 3 Church Road, Brighton",BN1 07AO,Terraced,pro,"[""Renovation Receipts"",""Boiler Service Report"",""EICR Certificate"",""Proof of Address"",""Tenancy Agreement""]"
299,Grace Phillips,grace.phillips299@demo.example.com,"113, Flat 6 Grand Avenue, Brighton",BN3 80FY,Detached,free,[]
300,Grace Walker,grace.walker300@demo.example.com,"64 Baker Street, Brighton",BN3 50QG,Flat,pro,"[""Renovation Receipts"",""Tenancy Agreement"",""Photo ID""]"
301,Logan Peters,logan.peters301@demo.example.com,"28 Holland Road, Brighton",BN3 26SZ,Converted Loft,pro,"[""Proof of Address"",""EICR Certificate""]"
302,Finn Young,finn.young302@demo.example.com,"140 Church Road, Brighton",BN1 78HN,Converted Loft,pro,"[""Photo ID"",""Renovation Receipts"",""Tenancy Agreement"",""Boiler Service Report""]"
303,Zane Jones,zane.jones303@demo.example.com,"128 Montpelier Road, Brighton",BN1 44SK,Terraced,pro,"[""Tenancy Agreement"",""Photo ID"",""Boiler Service Report"",""Proof of Address"",""Renovation Receipts""]"
304,Grace Banks,grace.banks304@demo.example.com,"150 Hartington Road, Brighton",BN3 31SX,Maisonette,free,[]
305,Harvey Cross,harvey.cross305@demo.example.com,"151 Bond Street, Brighton",BN2 22OL,Detached,free,[]
306,Elena Fox,elena.fox306@demo.example.com,"14, Flat 8 Lansdowne Place, Brighton",BN1 72CY,Detached,pro,"[""Land Registry Title"",""Tenancy Agreement"",""EICR Certificate"",""Gas Safety Record"",""Photo ID""]"
307,Maya Hayes,maya.hayes307@demo.example.com,"72, Flat 1 Brighton Place, Brighton",BN1 05JA,Converted Loft,pro,"[""Proof of Address"",""Renovation Receipts"",""Photo ID""]"
308,Dylan Taylor,dylan.taylor308@demo.example.com,"193 Fonthill Road, Brighton",BN1 55WT,Detached,free,[]
309,Dylan Young,dylan.young309@demo.example.com,"175 Hangleton Road, Brighton",BN1 71QK,Bungalow,pro,"[""Photo ID"",""Proof of Address"",""Boiler Service Report"",""EICR Certificate""]"
310,Cleo Nash,cleo.nash310@demo.example.com,"112, Flat 7 Kingsway, Brighton",BN1 32GO,Coach House,pro,"[""Gas Safety Record"",""Photo ID"",""Boiler Service Report""]"
311,Rae Young,rae.young311@demo.example.com,"101 Upper North Street, Brighton",BN2 58GH,Semi-detached,free,[]
312,Eve Carter,eve.carter312@demo.example.com,"13 Bond Street, Brighton",BN1 71RH,Converted Loft,free,[]
313,Will Walker,will.walker313@demo.example.com,"11 The Lanes, Brighton",BN1 73FD,Maisonette,free,[]
314,Bianca Banks,bianca.banks314@demo.example.com,"65 Upper Gardner Street, Brighton",BN2 60EH,Terraced,pro,"[""Tenancy Agreement"",""EICR Certificate"",""Gas Safety Record""]"
315,Liam Cooper,liam.cooper315@demo.example.com,"96 Holland Road, Brighton",BN2 22BA,Bungalow,free,[]
316,Dylan Morgan,dylan.morgan316@demo.example.com,"6 Hanover Terrace, Brighton",BN2 01XT,Converted Loft,free,[]
317,Noah Edwards,noah.edwards317@demo.example.com,"207, Flat 4 Stanford Avenue, Brighton",BN2 67AB,Coach House,pro,"[""Proof of Address"",""Photo ID"",""Tenancy Agreement""]"
318,Mila Edwards,mila.edwards318@demo.example.com,"25 Sussex Square, Brighton",BN2 12EG,Flat,free,[]
319,Jude Palmer,jude.palmer319@demo.example.com,"167 Blatchington Road, Brighton",BN2 43JN,Maisonette,pro,"[""Renovation Receipts"",""Proof of Address"",""Insurance Policy""]"
320,Jonah Vale,jonah.vale320@demo.example.com,"141 York Place, Brighton",BN3 43PL,Maisonette,free,[]
321,Ronan Price,ronan.price321@demo.example.com,"34 New England Street, Brighton",BN2 21WX,Flat,pro,"[""Insurance Policy"",""Photo ID""]"
322,Hugo Young,hugo.young322@demo.example.com,"200, Flat 8 Brighton Place, Brighton",BN2 32BQ,Semi-detached,free,[]
323,Quinn Carter,quinn.carter323@demo.example.com,"103 Stanford Avenue, Brighton",BN3 06UR,Coach House,free,[]
324,Georgia Davies,georgia.davies324@demo.example.com,"62 Western Road, Brighton",BN3 36BX,Converted Loft,pro,"[""Tenancy Agreement"",""Proof of Address""]"
325,Finn Hughes,finn.hughes325@demo.example.com,"140 Hanover Terrace, Brighton",BN1 23YF,Maisonette,free,[]
326,Zane Collins,zane.collins326@demo.example.com,"125 Grand Avenue, Brighton",BN3 20LQ,Maisonette,pro,"[""Photo ID"",""Tenancy Agreement"",""Boiler Service Report"",""EPC Certificate"",""Renovation Receipts""]"
327,Orla Gray,orla.gray327@demo.example.com,"141 Holland Road, Brighton",BN2 60FM,Maisonette,free,[]
328,Una Howe,una.howe328@demo.example.com,"99 North Street, Brighton",BN2 82IA,Converted Loft,pro,"[""Photo ID"",""Land Registry Title"",""Gas Safety Record"",""Renovation Receipts""]"
329,Vera Baker,vera.baker329@demo.example.com,"139 Stanford Avenue, Brighton",BN3 13NW,Semi-detached,pro,"[""Boiler Service Report"",""Insurance Policy""]"
330,Liam Banks,liam.banks330@demo.example.com,"62 Sussex Square, Brighton",BN3 07YE,Bungalow,free,[]
331,Callum Adams,callum.adams331@demo.example.com,"142 Elm Grove, Brighton",BN3 70SG,Bungalow,free,[]
332,Elena Phillips,elena.phillips332@demo.example.com,"177 Hampstead Road, Brighton",BN3 35CC,Bungalow,pro,"[""Tenancy Agreement"",""Proof of Address"",""EICR Certificate""]"
333,Logan Young,logan.young333@demo.example.com,"116 Stanford Avenue, Brighton",BN2 76EU,Terraced,free,[]
334,Jude Ward,jude.ward334@demo.example.com,"25 Richmond Road, Brighton",BN1 81VS,Maisonette,free,[]
335,Victor Gardner,victor.gardner335@demo.example.com,"200 Palmeira Square, Brighton",BN1 63QA,Converted Loft,pro,"[""Boiler Service Report"",""EICR Certificate"",""Gas Safety Record"",""Renovation Receipts"",""Photo ID""]"
336,Ben Cross,ben.cross336@demo.example.com,"24 Fonthill Road, Brighton",BN3 23WQ,Detached,free,[]
337,Una Riley,una.riley337@demo.example.com,"116 Gloucester Road, Brighton",BN2 74OR,Bungalow,free,[]
338,Bianca Brooks,bianca.brooks338@demo.example.com,"191 Manor Hill, Brighton",BN1 22VL,Maisonette,free,[]
339,Alice Walker,alice.walker339@demo.example.com,"80 George Street, Brighton",BN3 57JK,Converted Loft,pro,"[""Land Registry Title"",""Tenancy Agreement"",""Photo ID"",""EICR Certificate""]"
340,Una Young,una.young340@demo.example.com,"18 Hanover Terrace, Brighton",BN1 32HU,Coach House,pro,"[""EPC Certificate"",""Renovation Receipts"",""Boiler Service Report"",""Insurance Policy""]"
341,Jude Banks,jude.banks341@demo.example.com,"97 Hangleton Road, Brighton",BN3 34MI,Coach House,free,[]
342,Sam Peters,sam.peters342@demo.example.com,"71 Queens Road, Brighton",BN2 68NN,Coach House,free,[]
343,Grace Peters,grace.peters343@demo.example.com,"147 Brighton Place, Brighton",BN3 66XF,Converted Loft,pro,"[""EICR Certificate"",""Photo ID""]"
344,Grace Ivory,grace.ivory344@demo.example.com,"210 Beaconsfield Villas, Brighton",BN1 25VV,Bungalow,pro,"[""EPC Certificate"",""Photo ID"",""Land Registry Title"",""EICR Certificate"",""Renovation Receipts""]"
345,Iris Brooks,iris.brooks345@demo.example.com,"120 Norfolk Square, Brighton",BN2 02LN,Flat,free,[]
346,Rae Adams,rae.adams346@demo.example.com,"198 Queens Road, Brighton",BN2 51PU,Flat,free,[]
347,Logan Jones,logan.jones347@demo.example.com,"11 Grand Avenue, Brighton",BN2 55IQ,Maisonette,free,[]
348,Dylan Quincy,dylan.quincy348@demo.example.com,"29 Richmond Road, Brighton",BN3 33RB,Terraced,free,[]
349,Eve Hart,eve.hart349@demo.example.com,"169, Flat 8 College Road, Brighton",BN1 60QJ,Converted Loft,pro,"[""Boiler Service Report"",""Gas Safety Record""]"
350,Uri Peters,uri.peters350@demo.example.com,"172 Hove Park Road, Brighton",BN1 43WI,Maisonette,free,[]
351,Uri Adams,uri.adams351@demo.example.com,"145 College Road, Brighton",BN2 07DP,Detached,free,[]
352,Zane Hughes,zane.hughes352@demo.example.com,"190 Fonthill Road, Brighton",BN3 10SE,Flat,pro,"[""Boiler Service Report"",""Tenancy Agreement"",""Renovation Receipts""]"
353,Eve Hart,eve.hart353@demo.example.com,"121 Lewes Road, Brighton",BN1 54OB,Terraced,pro,"[""Photo ID"",""EICR Certificate"",""Boiler Service Report""]"
354,Orla King,orla.king354@demo.example.com,"150 Baker Street, Brighton",BN3 42YO,Semi-detached,free,[]
355,Callum Turner,callum.turner355@demo.example.com,"130 Baker Street, Brighton",BN2 47RW,Converted Loft,pro,"[""Gas Safety Record"",""Land Registry Title"",""Boiler Service Report""]"
356,Harvey Xu,harvey.xu356@demo.example.com,"90 The Lanes, Brighton",BN2 78CO,Terraced,free,[]
357,Wren Wade,wren.wade357@demo.example.com,"100, Flat 2 Norfolk Square, Brighton",BN2 05MG,Detached,free,[]
358,Noah Smith,noah.smith358@demo.example.com,"192 College Road, Brighton",BN2 15BI,Bungalow,free,[]
359,Yasmin Hart,yasmin.hart359@demo.example.com,"201 Portland Road, Brighton",BN1 31GW,Detached,free,[]
360,Ronan Fisher,ronan.fisher360@demo.example.com,"22 Richmond Road, Brighton",BN2 36QZ,Converted Loft,pro,"[""Boiler Service Report"",""EICR Certificate"",""EPC Certificate"",""Tenancy Agreement"",""Insurance Policy""]"
361,Xena Osborne,xena.osborne361@demo.example.com,"56 Ship Street, Brighton",BN1 23ED,Flat,pro,"[""Boiler Service Report"",""Proof of Address"",""Insurance Policy""]"
362,Harvey Jones,harvey.jones362@demo.example.com,"155, Flat 12 Beaconsfield Villas, Brighton",BN2 77OU,Converted Loft,free,[]
363,Quinn Walker,quinn.walker363@demo.example.com,"83 Western Road, Brighton",BN3 24KR,Bungalow,free,[]
364,Keira Collins,keira.collins364@demo.example.com,"160 Sussex Square, Brighton",BN1 76NH,Flat,pro,"[""EPC Certificate"",""Insurance Policy"",""Gas Safety Record""]"
365,Eve Palmer,eve.palmer365@demo.example.com,"70, Flat 4 Montpelier Road, Brighton",BN2 86EB,Coach House,free,[]
366,Olive Hayes,olive.hayes366@demo.example.com,"42 Palmeira Square, Brighton",BN2 62XS,Detached,pro,"[""Tenancy Agreement"",""EPC Certificate"",""Photo ID"",""Land Registry Title"",""EICR Certificate""]"
367,Una Vale,una.vale367@demo.example.com,"33 Church Road, Brighton",BN1 24BB,Maisonette,free,[]
368,Ronan Howe,ronan.howe368@demo.example.com,"90 Hampstead Road, Brighton",BN3 24GV,Flat,pro,"[""Gas Safety Record"",""Insurance Policy"",""EICR Certificate""]"
369,Eve Zeller,eve.zeller369@demo.example.com,"151 Dyke Road, Brighton",BN1 83GZ,Terraced,free,[]
370,Elena Palmer,elena.palmer370@demo.example.com,"210 Stanford Avenue, Brighton",BN2 33ZO,Coach House,pro,"[""Gas Safety Record"",""EPC Certificate"",""Insurance Policy""]"
371,Logan Gray,logan.gray371@demo.example.com,"6 Manor Hill, Brighton",BN2 72CU,Maisonette,free,[]
372,Daria Cooper,daria.cooper372@demo.example.com,"47 Palmeira Square, Brighton",BN3 70EA,Bungalow,free,[]
373,Tara Palmer,tara.palmer373@demo.example.com,"84 Hove Park Road, Brighton",BN1 81VE,Coach House,free,[]
374,Olive Gardner,olive.gardner374@demo.example.com,"184, Flat 12 Hartington Road, Brighton",BN2 64VP,Terraced,free,[]
375,Uri Peters,uri.peters375@demo.example.com,"133 Richmond Road, Brighton",BN2 72XU,Detached,pro,"[""Tenancy Agreement"",""Photo ID"",""EICR Certificate"",""EPC Certificate"",""Insurance Policy""]"
376,Poppy Nash,poppy.nash376@demo.example.com,"55 Elm Grove, Brighton",BN2 86ID,Maisonette,free,[]
377,Wren Palmer,wren.palmer377@demo.example.com,"98 The Lanes, Brighton",BN1 23OG,Semi-detached,pro,"[""Land Registry Title"",""Tenancy Agreement"",""Proof of Address""]"
378,Mila Gray,mila.gray378@demo.example.com,"83 Lewes Road, Brighton",BN3 23LP,Semi-detached,pro,"[""Proof of Address"",""Insurance Policy"",""Land Registry Title"",""EPC Certificate""]"
379,Callum Price,callum.price379@demo.example.com,"3 Hangleton Road, Brighton",BN2 16VB,Semi-detached,pro,"[""Gas Safety Record"",""EPC Certificate"",""Insurance Policy"",""EICR Certificate""]"
380,Callum Cooper,callum.cooper380@demo.example.com,"208 Queens Road, Brighton",BN3 22JN,Semi-detached,free,[]
381,Vera Edwards,vera.edwards381@demo.example.com,"126 Hove Park Road, Brighton",BN2 15AT,Coach House,free,[]
382,Grace Zeller,grace.zeller382@demo.example.com,"190 Clarence Square, Brighton",BN3 86DP,Maisonette,free,[]
383,Aaron Collins,aaron.collins383@demo.example.com,"41 Holland Road, Brighton",BN3 60PB,Detached,pro,"[""Proof of Address"",""Land Registry Title"",""Gas Safety Record"",""EICR Certificate""]"
384,Aaron Lane,aaron.lane384@demo.example.com,"188 London Road, Brighton",BN1 43CY,Terraced,pro,"[""Tenancy Agreement"",""EICR Certificate""]"
385,Olive Smith,olive.smith385@demo.example.com,"22 Dyke Road, Brighton",BN1 48RE,Bungalow,free,[]
386,Quinn Davies,quinn.davies386@demo.example.com,"192, Flat 7 Norfolk Square, Brighton",BN2 51JD,Semi-detached,free,[]
387,Orla Riley,orla.riley387@demo.example.com,"21 Kingsway, Brighton",BN2 68XG,Bungalow,pro,"[""EPC Certificate"",""Boiler Service Report"",""Photo ID"",""Land Registry Title"",""Tenancy Agreement""]"
388,Sam Cross,sam.cross388@demo.example.com,"203 Valley Gardens, Brighton",BN2 48JV,Terraced,pro,"[""Insurance Policy"",""EICR Certificate""]"
389,Yasmin Price,yasmin.price389@demo.example.com,"207 George Street, Brighton",BN1 52QJ,Coach House,free,[]
390,Uri Moore,uri.moore390@demo.example.com,"51 Ship Street, Brighton",BN2 48PK,Detached,free,[]
391,Theo King,theo.king391@demo.example.com,"54 George Street, Brighton",BN3 44CE,Converted Loft,free,[]
392,Aaron Phillips,aaron.phillips392@demo.example.com,"91 Clarence Square, Brighton",BN2 01WC,Flat,free,[]
393,Wren Sharp,wren.sharp393@demo.example.com,"50 Norfolk Square, Brighton",BN2 05UQ,Terraced,free,[]
394,Iris Peters,iris.peters394@demo.example.com,"114 Brighton Place, Brighton",BN3 64RR,Converted Loft,pro,"[""Tenancy Agreement"",""Proof of Address""]"
395,Eve Peters,eve.peters395@demo.example.com,"200 Western Road, Brighton",BN3 44LP,Semi-detached,pro,"[""Renovation Receipts"",""Insurance Policy""]"
396,Grace Fisher,grace.fisher396@demo.example.com,"84 Hanover Terrace, Brighton",BN3 22US,Detached,free,[]
397,Logan Turner,logan.turner397@demo.example.com,"91 Valley Gardens, Brighton",BN2 60CZ,Detached,free,[]
398,Felix Peters,felix.peters398@demo.example.com,"150 Valley Gardens, Brighton",BN2 65YJ,Bungalow,free,[]
399,Daria Moore,daria.moore399@demo.example.com,"192 Upper Gardner Street, Brighton",BN2 27ER,Terraced,free,[]
400,Eve Riley,eve.riley400@demo.example.com,"65 Baker Street, Brighton",BN1 58UI,Bungalow,free,[]
401,Zara Cross,zara.cross401@demo.example.com,"64 Hartington Road, Brighton",BN2 43PG,Semi-detached,pro,"[""Tenancy Agreement"",""EICR Certificate"",""Gas Safety Record"",""Boiler Service Report"",""Proof of Address""]"
402,Callum Cross,callum.cross402@demo.example.com,"73 Western Road, Brighton",BN2 86RD,Semi-detached,pro,"[""Tenancy Agreement"",""EICR Certificate"",""Gas Safety Record""]"
403,Eve Fox,eve.fox403@demo.example.com,"30 The Lanes, Brighton",BN2 75DW,Maisonette,pro,"[""EPC Certificate"",""Photo ID"",""Boiler Service Report"",""Insurance Policy"",""Renovation Receipts""]"
404,Keira Jones,keira.jones404@demo.example.com,"203 New England Street, Brighton",BN1 66ZU,Maisonette,free,[]
405,Iris Carter,iris.carter405@demo.example.com,"117 College Road, Brighton",BN3 62EI,Converted Loft,free,[]
406,Quinn Morgan,quinn.morgan406@demo.example.com,"190 Fonthill Road, Brighton",BN3 24LW,Semi-detached,pro,"[""Land Registry Title"",""EPC Certificate"",""Proof of Address"",""Insurance Policy"",""Renovation Receipts""]"
407,Jude Hart,jude.hart407@demo.example.com,"43 Portland Road, Brighton",BN3 57YX,Terraced,pro,"[""Tenancy Agreement"",""EICR Certificate""]"
408,Wren Hughes,wren.hughes408@demo.example.com,"34 Lansdowne Place, Brighton",BN2 12UR,Converted Loft,pro,"[""Tenancy Agreement"",""EICR Certificate"",""Photo ID"",""Proof of Address""]"
409,Zara Hughes,zara.hughes409@demo.example.com,"21 Hartington Road, Brighton",BN1 57YU,Detached,pro,"[""Proof of Address"",""Gas Safety Record"",""Tenancy Agreement""]"
410,Victor Phillips,victor.phillips410@demo.example.com,"56 New England Street, Brighton",BN2 80UE,Semi-detached,pro,"[""Land Registry Title"",""Boiler Service Report"",""Tenancy Agreement"",""Insurance Policy""]"
411,Logan Peters,logan.peters411@demo.example.com,"50 The Lanes, Brighton",BN2 25BJ,Flat,pro,"[""EICR Certificate"",""Boiler Service Report"",""Renovation Receipts"",""Land Registry Title"",""Tenancy Agreement""]"
412,Poppy Taylor,poppy.taylor412@demo.example.com,"7 Dyke Road, Brighton",BN1 53YB,Terraced,free,[]
413,Ben Brooks,ben.brooks413@demo.example.com,"6 Fonthill Road, Brighton",BN1 45BA,Detached,pro,"[""Proof of Address"",""Boiler Service Report"",""Gas Safety Record""]"
414,Eve Taylor,eve.taylor414@demo.example.com,"134 Hartington Road, Brighton",BN1 28MS,Maisonette,free,[]
415,Jonah Day,jonah.day415@demo.example.com,"58 Ship Street, Brighton",BN2 77EQ,Terraced,pro,"[""Boiler Service Report"",""Renovation Receipts"",""Proof of Address"",""Photo ID"",""Land Registry Title""]"
416,Cleo Fisher,cleo.fisher416@demo.example.com,"120 Palmeira Square, Brighton",BN1 23ZJ,Flat,free,[]
417,Mila Cooper,mila.cooper417@demo.example.com,"45 Grand Avenue, Brighton",BN3 37SI,Detached,pro,"[""Boiler Service Report"",""Gas Safety Record""]"
418,Liam Walker,liam.walker418@demo.example.com,"31 Goldstone Villas, Brighton",BN3 12PB,Bungalow,free,[]
419,Victor Fisher,victor.fisher419@demo.example.com,"27, Flat 1 Palmeira Square, Brighton",BN2 22TJ,Coach House,pro,"[""Insurance Policy"",""Proof of Address"",""Gas Safety Record"",""EICR Certificate"",""Renovation Receipts""]"
420,Yasmin Day,yasmin.day420@demo.example.com,"40 Portland Road, Brighton",BN1 71MO,Flat,free,[]
421,Maya Vale,maya.vale421@demo.example.com,"144 Marine Parade, Brighton",BN1 62WP,Maisonette,free,[]
422,Harvey Hughes,harvey.hughes422@demo.example.com,"161 Fonthill Road, Brighton",BN3 08XZ,Converted Loft,free,[]
423,Jonah Young,jonah.young423@demo.example.com,"189 The Lanes, Brighton",BN1 73OW,Converted Loft,pro,"[""EPC Certificate"",""Proof of Address""]"
424,Xena Day,xena.day424@demo.example.com,"171, Flat 10 London Road, Brighton",BN1 35MS,Coach House,pro,"[""Tenancy Agreement"",""EPC Certificate""]"
425,Victor Nash,victor.nash425@demo.example.com,"193 College Road, Brighton",BN3 38WL,Bungalow,free,[]
426,Isla Hughes,isla.hughes426@demo.example.com,"161 Hove Park Road, Brighton",BN2 53VX,Terraced,free,[]
427,Liam Moore,liam.moore427@demo.example.com,"21, Flat 8 Beaconsfield Villas, Brighton",BN1 62AQ,Terraced,pro,"[""EPC Certificate"",""Tenancy Agreement"",""Insurance Policy""]"
428,Isla Nash,isla.nash428@demo.example.com,"48 York Place, Brighton",BN2 08WF,Bungalow,pro,"[""Proof of Address"",""Renovation Receipts""]"
429,Uri Smith,uri.smith429@demo.example.com,"35 Lansdowne Place, Brighton",BN1 53FF,Coach House,free,[]
430,Una Turner,una.turner430@demo.example.com,"202 Lansdowne Place, Brighton",BN2 53FE,Converted Loft,free,[]
431,Nico Gray,nico.gray431@demo.example.com,"14, Flat 8 Grand Avenue, Brighton",BN2 87FD,Terraced,pro,"[""Renovation Receipts"",""Land Registry Title"",""Photo ID"",""EPC Certificate""]"
432,Orla Underwood,orla.underwood432@demo.example.com,"146 Wilbury Road, Brighton",BN1 84DL,Terraced,free,[]
433,Isla Zeller,isla.zeller433@demo.example.com,"53 Grand Avenue, Brighton",BN3 38LW,Bungalow,free,[]
434,Poppy Smith,poppy.smith434@demo.example.com,"15 Church Road, Brighton",BN2 05XH,Semi-detached,pro,"[""Gas Safety Record"",""Land Registry Title"",""Proof of Address"",""Renovation Receipts""]"
435,Jonah Clarke,jonah.clarke435@demo.example.com,"4 College Road, Brighton",BN3 84DQ,Semi-detached,pro,"[""Tenancy Agreement"",""EICR Certificate"",""Insurance Policy"",""Renovation Receipts"",""Gas Safety Record""]"
436,Liam Ward,liam.ward436@demo.example.com,"102 Holland Road, Brighton",BN1 33NF,Converted Loft,free,[]
437,Jonah Hart,jonah.hart437@demo.example.com,"117 Goldstone Villas, Brighton",BN3 45LB,Bungalow,free,[]
438,Cleo King,cleo.king438@demo.example.com,"21 Dyke Road, Brighton",BN1 60FF,Converted Loft,free,[]
439,Grace Zeller,grace.zeller439@demo.example.com,"197 College Road, Brighton",BN1 54LH,Detached,free,[]
440,Daria Hart,daria.hart440@demo.example.com,"10 Montpelier Road, Brighton",BN3 00JC,Coach House,pro,"[""Renovation Receipts"",""Tenancy Agreement"",""EICR Certificate"",""Proof of Address"",""Gas Safety Record""]"
441,Jonah Jones,jonah.jones441@demo.example.com,"149 Western Road, Brighton",BN3 77OO,Maisonette,pro,"[""Renovation Receipts"",""Photo ID"",""Insurance Policy"",""Tenancy Agreement"",""EICR Certificate""]"
442,Hugo Smith,hugo.smith442@demo.example.com,"49, Flat 10 Ditchling Road, Brighton",BN3 33HL,Coach House,free,[]
443,Victor Edwards,victor.edwards443@demo.example.com,"148, Flat 6 Marine Parade, Brighton",BN1 82SH,Converted Loft,pro,"[""Proof of Address"",""EICR Certificate""]"
444,Cleo King,cleo.king444@demo.example.com,"5 Blatchington Road, Brighton",BN1 55XS,Converted Loft,free,[]
445,Keira Palmer,keira.palmer445@demo.example.com,"180 Grand Avenue, Brighton",BN2 21TC,Coach House,pro,"[""Tenancy Agreement"",""EICR Certificate"",""Renovation Receipts"",""Gas Safety Record""]"
446,Jonah Turner,jonah.turner446@demo.example.com,"91 Stanford Avenue, Brighton",BN3 21FR,Terraced,pro,"[""Proof of Address"",""Boiler Service Report"",""Gas Safety Record"",""EICR Certificate""]"
447,Daria Turner,daria.turner447@demo.example.com,"79 Clarence Square, Brighton",BN1 84VG,Detached,free,[]
448,Mila Fox,mila.fox448@demo.example.com,"184 York Place, Brighton",BN2 30AA,Bungalow,pro,"[""Tenancy Agreement"",""Proof of Address"",""Renovation Receipts"",""EICR Certificate"",""EPC Certificate""]"
449,Elena Underwood,elena.underwood449@demo.example.com,"190 Manor Hill, Brighton",BN3 10VI,Terraced,pro,"[""Land Registry Title"",""EICR Certificate""]"
450,Kara Cooper,kara.cooper450@demo.example.com,"70, Flat 8 Manor Hill, Brighton",BN1 48JM,Bungalow,free,[]
451,Nico Phillips,nico.phillips451@demo.example.com,"180 Upper North Street, Brighton",BN2 61XO,Coach House,pro,"[""Insurance Policy"",""Proof of Address"",""EPC Certificate""]"
452,Aaron Day,aaron.day452@demo.example.com,"12 Palmeira Square, Brighton",BN2 42LZ,Maisonette,free,[]
453,Grace Carter,grace.carter453@demo.example.com,"103 Upper North Street, Brighton",BN1 07PL,Converted Loft,pro,"[""Gas Safety Record"",""Insurance Policy"",""Boiler Service Report"",""Photo ID""]"
454,Alice Wade,alice.wade454@demo.example.com,"106 Stanford Avenue, Brighton",BN1 45PP,Terraced,free,[]
455,Iris Gray,iris.gray455@demo.example.com,"179 Beaconsfield Villas, Brighton",BN3 52MV,Coach House,pro,"[""Land Registry Title"",""Tenancy Agreement"",""Renovation Receipts""]"
456,Will Cross,will.cross456@demo.example.com,"114, Flat 2 North Street, Brighton",BN1 02MQ,Flat,free,[]
457,Eve Riley,eve.riley457@demo.example.com,"32 Western Road, Brighton",BN1 77GL,Terraced,pro,"[""Tenancy Agreement"",""Insurance Policy"",""EICR Certificate""]"
458,Keira Gardner,keira.gardner458@demo.example.com,"82 Hangleton Road, Brighton",BN2 72NU,Converted Loft,free,[]
459,Poppy Wade,poppy.wade459@demo.example.com,"72 Marine Parade, Brighton",BN2 55EC,Flat,free,[]
460,Will Osborne,will.osborne460@demo.example.com,"190 Hartington Road, Brighton",BN2 47YG,Flat,pro,"[""Land Registry Title"",""Insurance Policy"",""Renovation Receipts""]"
461,Yasmin Vale,yasmin.vale461@demo.example.com,"104 College Road, Brighton",BN2 33YY,Maisonette,free,[]
462,Eve Nash,eve.nash462@demo.example.com,"145 Norfolk Square, Brighton",BN1 74RO,Coach House,free,[]
463,Pia Vale,pia.vale463@demo.example.com,"56 Hanover Terrace, Brighton",BN2 06MW,Semi-detached,pro,"[""Land Registry Title"",""Tenancy Agreement"",""Proof of Address"",""EICR Certificate""]"
464,Zara Nash,zara.nash464@demo.example.com,"75 North Street, Brighton",BN3 82KO,Converted Loft,free,[]
465,Yasmin Fisher,yasmin.fisher465@demo.example.com,"134 Grand Avenue, Brighton",BN2 32NW,Terraced,pro,"[""Proof of Address"",""Gas Safety Record"",""Renovation Receipts"",""EICR Certificate"",""Insurance Policy""]"
466,Felix Price,felix.price466@demo.example.com,"53 Upper North Street, Brighton",BN1 34XA,Terraced,pro,"[""Tenancy Agreement"",""Insurance Policy"",""EPC Certificate"",""Photo ID""]"
467,Sam Howe,sam.howe467@demo.example.com,"143 Hartington Road, Brighton",BN2 31GL,Flat,pro,"[""Insurance Policy"",""Proof of Address"",""Land Registry Title""]"
468,Zara Ivory,zara.ivory468@demo.example.com,"198 Hangleton Road, Brighton",BN3 30NI,Coach House,pro,"[""Photo ID"",""Boiler Service Report""]"
469,Keira Xu,keira.xu469@demo.example.com,"185 Hanover Terrace, Brighton",BN2 18UI,Maisonette,pro,"[""Boiler Service Report"",""EICR Certificate""]"
470,Georgia Osborne,georgia.osborne470@demo.example.com,"25 North Street, Brighton",BN2 86YH,Terraced,pro,"[""Tenancy Agreement"",""EICR Certificate"",""Renovation Receipts""]"
471,Kara Edwards,kara.edwards471@demo.example.com,"27 London Road, Brighton",BN2 67OD,Maisonette,pro,"[""EICR Certificate"",""EPC Certificate"",""Tenancy Agreement"",""Insurance Policy""]"
472,Felix Davies,felix.davies472@demo.example.com,"8 Blatchington Road, Brighton",BN3 13RW,Coach House,pro,"[""Land Registry Title"",""Boiler Service Report"",""Renovation Receipts"",""Insurance Policy""]"
473,Ben Underwood,ben.underwood473@demo.example.com,"82 Ditchling Road, Brighton",BN2 70TE,Terraced,free,[]
474,Poppy Fisher,poppy.fisher474@demo.example.com,"202 Holland Road, Brighton",BN2 34SQ,Coach House,free,[]
475,Aaron Lane,aaron.lane475@demo.example.com,"55 Beaconsfield Villas, Brighton",BN2 53IZ,Semi-detached,pro,"[""Land Registry Title"",""Renovation Receipts"",""Tenancy Agreement""]"
476,Will Reed,will.reed476@demo.example.com,"161 Elm Grove, Brighton",BN1 15BC,Bungalow,free,[]
477,Aaron Osborne,aaron.osborne477@demo.example.com,"173 Clarence Square, Brighton",BN1 25NE,Converted Loft,free,[]
478,Will Quincy,will.quincy478@demo.example.com,"44 College Road, Brighton",BN1 50ZW,Semi-detached,free,[]
479,Iris Cross,iris.cross479@demo.example.com,"32 Baker Street, Brighton",BN3 54QC,Detached,free,[]
480,Georgia Ward,georgia.ward480@demo.example.com,"89 Western Road, Brighton",BN2 01XZ,Detached,free,[]
481,Mila Clarke,mila.clarke481@demo.example.com,"117 Preston Road, Brighton",BN2 11TS,Maisonette,free,[]
482,Cleo Taylor,cleo.taylor482@demo.example.com,"86 Hanover Terrace, Brighton",BN1 86ET,Semi-detached,pro,"[""Insurance Policy"",""EPC Certificate"",""Renovation Receipts""]"
483,Victor Ivory,victor.ivory483@demo.example.com,"207 Sussex Square, Brighton",BN1 74RS,Converted Loft,pro,"[""EICR Certificate"",""Gas Safety Record"",""Land Registry Title"",""Boiler Service Report"",""Tenancy Agreement""]"
484,Hugo Edwards,hugo.edwards484@demo.example.com,"176 Queens Road, Brighton",BN1 26LM,Detached,pro,"[""Insurance Policy"",""EICR Certificate"",""Gas Safety Record""]"
485,Vera Gray,vera.gray485@demo.example.com,"68 Norfolk Square, Brighton",BN1 85UU,Bungalow,free,[]
486,Liam Brooks,liam.brooks486@demo.example.com,"112 Queens Road, Brighton",BN3 36UH,Detached,free,[]
487,Bianca Reed,bianca.reed487@demo.example.com,"83 Clarence Square, Brighton",BN3 11ZS,Terraced,free,[]
488,Uri Cooper,uri.cooper488@demo.example.com,"189 Dyke Road, Brighton",BN3 06PD,Semi-detached,free,[]
489,Theo Frost,theo.frost489@demo.example.com,"47 Preston Road, Brighton",BN3 67JK,Bungalow,pro,"[""Photo ID"",""EICR Certificate"",""Insurance Policy"",""Renovation Receipts""]"
490,Zara Moore,zara.moore490@demo.example.com,"154, Flat 9 Portland Road, Brighton",BN2 34JZ,Terraced,pro,"[""Insurance Policy"",""EPC Certificate"",""Boiler Service Report"",""Renovation Receipts""]"
491,Elena Webb,elena.webb491@demo.example.com,"103 Richmond Road, Brighton",BN1 26XT,Maisonette,pro,"[""Photo ID"",""EPC Certificate"",""Boiler Service Report"",""Land Registry Title""]"
492,Aaron Turner,aaron.turner492@demo.example.com,"40 Gloucester Road, Brighton",BN3 71NM,Converted Loft,pro,"[""Land Registry Title"",""Proof of Address"",""Boiler Service Report""]"
493,Hugo Reed,hugo.reed493@demo.example.com,"25 College Road, Brighton",BN1 25YV,Maisonette,free,[]
494,Una Sharp,una.sharp494@demo.example.com,"158 Hartington Road, Brighton",BN3 45PP,Maisonette,free,[]
495,Tara Zeller,tara.zeller495@demo.example.com,"88 Wilbury Road, Brighton",BN3 20AB,Flat,free,[]
496,Yasmin Reed,yasmin.reed496@demo.example.com,"41 Clarence Square, Brighton",BN3 74WM,Semi-detached,free,[]
497,Maya Day,maya.day497@demo.example.com,"179, Flat 5 Blatchington Road, Brighton",BN1 41WM,Semi-detached,pro,"[""Tenancy Agreement"",""Boiler Service Report"",""Gas Safety Record"",""EPC Certificate""]"
498,Iris Day,iris.day498@demo.example.com,"190 Preston Road, Brighton",BN2 54ZO,Coach House,free,[]
499,Wren Phillips,wren.phillips499@demo.example.com,"143 Bond Street, Brighton",BN3 45JC,Converted Loft,free,[]
500,Rae Morgan,rae.morgan500@demo.example.com,"24 Hanover Terrace, Brighton",BN2 77GQ,Maisonette,pro,"[""Boiler Service Report"",""Gas Safety Record"",""Photo ID"",""Land Registry Title""]"
501,Finn Cross,finn.cross501@demo.example.com,"130 Sackville Road, Brighton",BN1 05VO,Flat,pro,"[""EICR Certificate"",""Land Registry Title""]"
502,Zane Adams,zane.adams502@demo.example.com,"7 Grand Avenue, Brighton",BN2 80PY,Flat,pro,"[""EICR Certificate"",""Proof of Address"",""Photo ID"",""Insurance Policy""]"
503,Felix Gardner,felix.gardner503@demo.example.com,"98 Stanford Avenue, Brighton",BN2 75UY,Bungalow,free,[]
504,Zane Ivory,zane.ivory504@demo.example.com,"148 Norfolk Square, Brighton",BN2 40GO,Semi-detached,free,[]
505,Keira Phillips,keira.phillips505@demo.example.com,"209 Hanover Terrace, Brighton",BN1 34QO,Coach House,pro,"[""Tenancy Agreement"",""Land Registry Title""]"
506,Theo Lane,theo.lane506@demo.example.com,"149 Dyke Road, Brighton",BN1 41MT,Semi-detached,free,[]
507,Poppy Gardner,poppy.gardner507@demo.example.com,"27 Hampstead Road, Brighton",BN2 65WC,Coach House,free,[]
508,Theo Young,theo.young508@demo.example.com,"62 Western Road, Brighton",BN1 48FG,Semi-detached,free,[]
509,Hugo King,hugo.king509@demo.example.com,"13 Lewes Road, Brighton",BN3 41PR,Semi-detached,pro,"[""EICR Certificate"",""Boiler Service Report"",""Insurance Policy""]"
510,Theo Nash,theo.nash510@demo.example.com,"144 Hove Park Road, Brighton",BN1 82RA,Converted Loft,pro,"[""EPC Certificate"",""Insurance Policy"",""Land Registry Title"",""Boiler Service Report"",""Gas Safety Record""]"
511,Wren Fox,wren.fox511@demo.example.com,"83 York Place, Brighton",BN1 03DV,Semi-detached,pro,"[""Insurance Policy"",""Land Registry Title"",""Boiler Service Report"",""Gas Safety Record""]"
512,Vera Quincy,vera.quincy512@demo.example.com,"51 Clarence Square, Brighton",BN2 33TR,Semi-detached,pro,"[""Insurance Policy"",""Gas Safety Record"",""EICR Certificate"",""EPC Certificate""]"
513,Keira Lane,keira.lane513@demo.example.com,"166 Palmeira Square, Brighton",BN2 86OQ,Semi-detached,pro,"[""EPC Certificate"",""Tenancy Agreement"",""Renovation Receipts"",""Proof of Address""]"
514,Isla Fox,isla.fox514@demo.example.com,"26, Flat 1 Gloucester Road, Brighton",BN3 80NM,Semi-detached,free,[]
515,Pia King,pia.king515@demo.example.com,"68 Hartington Road, Brighton",BN3 00HY,Flat,pro,"[""Renovation Receipts"",""EPC Certificate"",""Boiler Service Report"",""Insurance Policy""]"
516,Rae Riley,rae.riley516@demo.example.com,"4 The Lanes, Brighton",BN3 83JD,Bungalow,free,[]
517,Noah Osborne,noah.osborne517@demo.example.com,"113, Flat 8 Gloucester Road, Brighton",BN3 14TA,Maisonette,free,[]
518,Wren Jones,wren.jones518@demo.example.com,"46 Upper Gardner Street, Brighton",BN3 28SS,Coach House,free,[]
519,Logan Taylor,logan.taylor519@demo.example.com,"60 Baker Street, Brighton",BN1 76AP,Flat,free,[]
520,Keira Young,keira.young520@demo.example.com,"131 Elm Grove, Brighton",BN3 12GI,Maisonette,free,[]
521,Jonah Brooks,jonah.brooks521@demo.example.com,"102 New England Street, Brighton",BN2 71ML,Maisonette,free,[]
522,Victor Riley,victor.riley522@demo.example.com,"208 The Lanes, Brighton",BN2 71PF,Converted Loft,free,[]
523,Logan Fisher,logan.fisher523@demo.example.com,"155 Montpelier Road, Brighton",BN2 22VT,Bungalow,free,[]
524,Nico Price,nico.price524@demo.example.com,"113 Western Road, Brighton",BN1 06ZA,Maisonette,pro,"[""EICR Certificate"",""Photo ID"",""Proof of Address""]"
525,Olive Xu,olive.xu525@demo.example.com,"116 George Street, Brighton",BN2 41VX,Terraced,pro,"[""EICR Certificate"",""Boiler Service Report"",""Gas Safety Record"",""EPC Certificate"",""Renovation Receipts""]"
526,Kara Xu,kara.xu526@demo.example.com,"35 Goldstone Villas, Brighton",BN2 70VB,Bungalow,pro,"[""Land Registry Title"",""Insurance Policy"",""Renovation Receipts""]"
527,Theo Cross,theo.cross527@demo.example.com,"112, Flat 1 George Street, Brighton",BN3 47PO,Flat,pro,"[""EPC Certificate"",""Tenancy Agreement"",""EICR Certificate"",""Gas Safety Record"",""Renovation Receipts""]"
528,Logan Hayes,logan.hayes528@demo.example.com,"55 College Road, Brighton",BN1 75QL,Terraced,pro,"[""EPC Certificate"",""Gas Safety Record"",""Land Registry Title"",""Photo ID"",""Proof of Address""]"
529,Poppy Ward,poppy.ward529@demo.example.com,"151 Hartington Road, Brighton",BN1 61UM,Coach House,free,[]
530,Olive Wade,olive.wade530@demo.example.com,"176 Norfolk Square, Brighton",BN3 22DW,Semi-detached,pro,"[""EICR Certificate"",""Insurance Policy""]"
531,Ben Wade,ben.wade531@demo.example.com,"55 Holland Road, Brighton",BN3 34WZ,Converted Loft,pro,"[""EICR Certificate"",""Land Registry Title""]"
532,Bianca Smith,bianca.smith532@demo.example.com,"3 Fonthill Road, Brighton",BN3 51WW,Coach House,pro,"[""Tenancy Agreement"",""EICR Certificate"",""Land Registry Title""]"
533,Ben Reed,ben.reed533@demo.example.com,"90 Church Road, Brighton",BN1 58TT,Maisonette,pro,"[""Land Registry Title"",""Photo ID""]"
534,Poppy Morgan,poppy.morgan534@demo.example.com,"56 Upper North Street, Brighton",BN2 42HH,Flat,free,[]
535,Jonah Wade,jonah.wade535@demo.example.com,"49, Flat 7 Wilbury Avenue, Brighton",BN3 12IC,Converted Loft,pro,"[""Gas Safety Record"",""Land Registry Title"",""Insurance Policy"",""EICR Certificate"",""Boiler Service Report""]"
536,Harvey Edwards,harvey.edwards536@demo.example.com,"99, Flat 7 Wilbury Road, Brighton",BN1 68XB,Semi-detached,free,[]
537,Nico Smith,nico.smith537@demo.example.com,"67 Bond Street, Brighton",BN1 60JI,Terraced,free,[]
538,Victor Wade,victor.wade538@demo.example.com,"13 Norfolk Square, Brighton",BN3 06EW,Terraced,free,[]
539,Olive King,olive.king539@demo.example.com,"51 Dyke Road, Brighton",BN1 21AQ,Bungalow,pro,"[""EPC Certificate"",""Boiler Service Report"",""Land Registry Title"",""Proof of Address""]"
540,Wren Davies,wren.davies540@demo.example.com,"138, Flat 10 Dyke Road, Brighton",BN2 65EA,Detached,pro,"[""Renovation Receipts"",""Photo ID""]"
541,Sam Hayes,sam.hayes541@demo.example.com,"46 Sackville Road, Brighton",BN3 62MF,Flat,pro,"[""Insurance Policy"",""EPC Certificate""]"
542,Maya Morgan,maya.morgan542@demo.example.com,"84 Portland Road, Brighton",BN3 23KG,Coach House,free,[]
543,Poppy Howe,poppy.howe543@demo.example.com,"138 North Street, Brighton",BN1 42MF,Detached,free,[]
544,Jonah Cross,jonah.cross544@demo.example.com,"21 New England Street, Brighton",BN1 17JU,Coach House,free,[]
545,Ben Hart,ben.hart545@demo.example.com,"72 Valley Gardens, Brighton",BN3 28IT,Detached,free,[]
546,Liam Sharp,liam.sharp546@demo.example.com,"204 Marine Parade, Brighton",BN3 51DY,Bungalow,free,[]
547,Callum Quincy,callum.quincy547@demo.example.com,"38, Flat 2 Ditchling Road, Brighton",BN1 47JX,Terraced,free,[]
548,Elena Collins,elena.collins548@demo.example.com,"88 Valley Gardens, Brighton",BN3 10DP,Maisonette,free,[]
549,Liam Gardner,liam.gardner549@demo.example.com,"142 Valley Gardens, Brighton",BN2 47YA,Terraced,free,[]
550,Callum Gray,callum.gray550@demo.example.com,"104 Gloucester Road, Brighton",BN1 23WN,Coach House,pro,"[""Insurance Policy"",""Gas Safety Record"",""EICR Certificate"",""EPC Certificate"",""Land Registry Title""]"
551,Ronan Young,ronan.young551@demo.example.com,"51 Clarence Square, Brighton",BN3 82VO,Bungalow,free,[]
552,Jude Hart,jude.hart552@demo.example.com,"56 Hove Park Road, Brighton",BN2 43OY,Detached,free,[]
553,Zane Ivory,zane.ivory553@demo.example.com,"71 Sussex Square, Brighton",BN1 01HF,Converted Loft,free,[]
554,Vera Cooper,vera.cooper554@demo.example.com,"187 Manor Hill, Brighton",BN2 25WX,Bungalow,pro,"[""Photo ID"",""Proof of Address""]"
555,Maya Howe,maya.howe555@demo.example.com,"63 Wilbury Avenue, Brighton",BN3 60CL,Detached,free,[]
556,Poppy Price,poppy.price556@demo.example.com,"80 Gloucester Road, Brighton",BN3 36TN,Semi-detached,free,[]
557,Alice Collins,alice.collins557@demo.example.com,"41 Marine Parade, Brighton",BN1 18YN,Converted Loft,free,[]
558,Victor Jones,victor.jones558@demo.example.com,"73, Flat 12 Fonthill Road, Brighton",BN2 12AT,Converted Loft,free,[]
559,Victor Jones,victor.jones559@demo.example.com,"194 Hangleton Road, Brighton",BN2 26UK,Converted Loft,free,[]
560,Eve Price,eve.price560@demo.example.com,"129 Western Road, Brighton",BN1 82KO,Terraced,free,[]
561,Uri Hart,uri.hart561@demo.example.com,"136, Flat 3 Goldstone Villas, Brighton",BN3 36EQ,Terraced,free,[]
562,Mila Adams,mila.adams562@demo.example.com,"18 Elm Grove, Brighton",BN1 00VQ,Bungalow,pro,"[""Photo ID"",""Land Registry Title"",""Insurance Policy""]"
563,Eve Lane,eve.lane563@demo.example.com,"164 Baker Street, Brighton",BN2 84YE,Semi-detached,pro,"[""Renovation Receipts"",""Gas Safety Record"",""Boiler Service Report"",""Land Registry Title""]"
564,Callum Baker,callum.baker564@demo.example.com,"114 Marine Parade, Brighton",BN3 41AU,Coach House,free,[]
565,Will Moore,will.moore565@demo.example.com,"66 Bond Street, Brighton",BN3 55OD,Converted Loft,free,[]
566,Quinn Fox,quinn.fox566@demo.example.com,"155 The Lanes, Brighton",BN1 38KH,Bungalow,free,[]
567,Liam Walker,liam.walker567@demo.example.com,"211 York Place, Brighton",BN2 30KF,Detached,free,[]
568,Finn Zeller,finn.zeller568@demo.example.com,"182 Brighton Place, Brighton",BN3 07WX,Converted Loft,pro,"[""Tenancy Agreement"",""Proof of Address"",""Boiler Service Report"",""EICR Certificate""]"
569,Dylan Reed,dylan.reed569@demo.example.com,"86 Marine Parade, Brighton",BN2 42ZO,Converted Loft,free,[]
570,Cleo Sharp,cleo.sharp570@demo.example.com,"145, Flat 12 Ship Street, Brighton",BN3 40CX,Flat,free,[]
571,Harvey Brooks,harvey.brooks571@demo.example.com,"163 Sackville Road, Brighton",BN3 66EV,Coach House,free,[]
572,Theo Edwards,theo.edwards572@demo.example.com,"101 York Place, Brighton",BN1 52PX,Semi-detached,pro,"[""EICR Certificate"",""Gas Safety Record"",""Proof of Address"",""Boiler Service Report"",""Land Registry Title""]"
573,Yasmin Smith,yasmin.smith573@demo.example.com,"182 Church Road, Brighton",BN2 46IZ,Converted Loft,pro,"[""Proof of Address"",""Tenancy Agreement""]"
574,Maya Peters,maya.peters574@demo.example.com,"98 Dyke Road, Brighton",BN3 51CT,Bungalow,free,[]
575,Felix Quincy,felix.quincy575@demo.example.com,"114 Beaconsfield Villas, Brighton",BN3 57WT,Converted Loft,free,[]
576,Georgia Osborne,georgia.osborne576@demo.example.com,"45 London Road, Brighton",BN3 17OZ,Maisonette,pro,"[""EICR Certificate"",""Photo ID"",""Boiler Service Report"",""Renovation Receipts"",""Land Registry Title""]"
577,Eve Sharp,eve.sharp577@demo.example.com,"182 York Place, Brighton",BN3 85NO,Semi-detached,pro,"[""Tenancy Agreement"",""EICR Certificate"",""Proof of Address"",""Photo ID"",""Land Registry Title""]"
578,Logan Turner,logan.turner578@demo.example.com,"83 Church Road, Brighton",BN2 03LT,Converted Loft,pro,"[""Gas Safety Record"",""Insurance Policy""]"
579,Iris King,iris.king579@demo.example.com,"112 Valley Gardens, Brighton",BN1 63DT,Maisonette,free,[]
580,Aaron Gray,aaron.gray580@demo.example.com,"22 Queens Road, Brighton",BN1 04AZ,Coach House,free,[]
581,Xena Ward,xena.ward581@demo.example.com,"205, Flat 4 Upper North Street, Brighton",BN1 45UX,Semi-detached,free,[]
582,Aaron Carter,aaron.carter582@demo.example.com,"191 Palmeira Square, Brighton",BN1 33YV,Maisonette,free,[]
583,Sienna Collins,sienna.collins583@demo.example.com,"79 Palmeira Square, Brighton",BN1 38UH,Maisonette,pro,"[""Tenancy Agreement"",""EICR Certificate"",""Gas Safety Record"",""Boiler Service Report""]"
584,Una Baker,una.baker584@demo.example.com,"195 Sackville Road, Brighton",BN2 32NC,Flat,pro,"[""Tenancy Agreement"",""Photo ID"",""Proof of Address"",""Boiler Service Report""]"
585,Una Fox,una.fox585@demo.example.com,"205 Queens Road, Brighton",BN3 72MA,Terraced,free,[]
586,Poppy Xu,poppy.xu586@demo.example.com,"49 Brighton Place, Brighton",BN3 18NG,Maisonette,pro,"[""Photo ID"",""EPC Certificate"",""Tenancy Agreement"",""Insurance Policy""]"
587,Bianca Cooper,bianca.cooper587@demo.example.com,"189 Valley Gardens, Brighton",BN1 51ND,Coach House,free,[]
588,Wren Moore,wren.moore588@demo.example.com,"194 Ditchling Road, Brighton",BN3 60MX,Coach House,pro,"[""Proof of Address"",""Gas Safety Record"",""Photo ID"",""EICR Certificate"",""Renovation Receipts""]"
589,Dylan Hayes,dylan.hayes589@demo.example.com,"32 Wilbury Road, Brighton",BN2 65FL,Flat,free,[]
590,Cleo Gardner,cleo.gardner590@demo.example.com,"39 Hartington Road, Brighton",BN2 84JG,Coach House,free,[]
591,Zara Vale,zara.vale591@demo.example.com,"61 Queens Road, Brighton",BN2 77PI,Maisonette,free,[]
592,Georgia Fisher,georgia.fisher592@demo.example.com,"50 Hanover Terrace, Brighton",BN2 21NQ,Detached,free,[]
593,Felix Ward,felix.ward593@demo.example.com,"71, Flat 5 Palmeira Square, Brighton",BN3 81HI,Maisonette,free,[]
594,Tara Gardner,tara.gardner594@demo.example.com,"47 Bond Street, Brighton",BN2 17VY,Converted Loft,free,[]
595,Zane Hayes,zane.hayes595@demo.example.com,"60 The Lanes, Brighton",BN1 80BF,Maisonette,pro,"[""Boiler Service Report"",""Gas Safety Record"",""Insurance Policy""]"
596,Eve Walker,eve.walker596@demo.example.com,"23 Brighton Place, Brighton",BN3 64UU,Bungalow,free,[]
597,Ronan Gray,ronan.gray597@demo.example.com,"13 Fonthill Road, Brighton",BN2 27LC,Terraced,free,[]
598,Daria Hart,daria.hart598@demo.example.com,"167 Clarence Square, Brighton",BN1 88UZ,Coach House,free,[]
599,Nico Xu,nico.xu599@demo.example.com,"23 Dyke Road, Brighton",BN3 32JY,Bungalow,free,[]
600,Alice Fisher,alice.fisher600@demo.example.com,"132 Richmond Road, Brighton",BN2 58VS,Flat,pro,"[""EPC Certificate"",""Gas Safety Record"",""EICR Certificate"",""Renovation Receipts""]"
601,Yasmin Morgan,yasmin.morgan601@demo.example.com,"166 Baker Street, Brighton",BN3 38DW,Flat,pro,"[""EICR Certificate"",""EPC Certificate"",""Boiler Service Report"",""Renovation Receipts"",""Insurance Policy""]"
602,Dylan Wade,dylan.wade602@demo.example.com,"21 Elm Grove, Brighton",BN1 88AP,Bungalow,free,[]
603,Uri Palmer,uri.palmer603@demo.example.com,"65 Sussex Square, Brighton",BN2 62LX,Converted Loft,pro,"[""EICR Certificate"",""Photo ID"",""Tenancy Agreement"",""Proof of Address"",""EPC Certificate""]"
604,Dylan Davies,dylan.davies604@demo.example.com,"80 George Street, Brighton",BN2 85AA,Converted Loft,pro,"[""Boiler Service Report"",""Proof of Address"",""EPC Certificate"",""Gas Safety Record"",""Renovation Receipts""]"
605,Hugo Taylor,hugo.taylor605@demo.example.com,"191 Manor Hill, Brighton",BN2 56IH,Semi-detached,free,[]
606,Harvey Young,harvey.young606@demo.example.com,"193 Palmeira Square, Brighton",BN2 70CE,Converted Loft,free,[]
607,Quinn Reed,quinn.reed607@demo.example.com,"43 Upper North Street, Brighton",BN3 08BF,Coach House,free,[]
608,Theo Palmer,theo.palmer608@demo.example.com,"21 Church Road, Brighton",BN2 41IE,Bungalow,free,[]
609,Una Wade,una.wade609@demo.example.com,"130 Kingsway, Brighton",BN1 38NP,Flat,free,[]
610,Ronan Moore,ronan.moore610@demo.example.com,"2 George Street, Brighton",BN3 31GJ,Converted Loft,free,[]
611,Aaron Wade,aaron.wade611@demo.example.com,"114 Baker Street, Brighton",BN2 50UL,Converted Loft,pro,"[""Boiler Service Report"",""Gas Safety Record"",""Land Registry Title"",""Proof of Address"",""EICR Certificate""]"
612,Finn Gardner,finn.gardner612@demo.example.com,"173, Flat 11 Wilbury Avenue, Brighton",BN1 74UR,Semi-detached,free,[]
613,Callum Morgan,callum.morgan613@demo.example.com,"123 The Lanes, Brighton",BN1 74MZ,Semi-detached,pro,"[""Proof of Address"",""Tenancy Agreement"",""Photo ID""]"
614,Kara Carter,kara.carter614@demo.example.com,"164 Grand Avenue, Brighton",BN2 41ZO,Coach House,free,[]
615,Sam Hart,sam.hart615@demo.example.com,"169 Blatchington Road, Brighton",BN3 72MX,Coach House,pro,"[""Land Registry Title"",""Photo ID"",""Insurance Policy"",""EPC Certificate"",""Proof of Address""]"
616,Alice Cross,alice.cross616@demo.example.com,"36 Lansdowne Place, Brighton",BN2 45NE,Terraced,free,[]
617,Poppy Reed,poppy.reed617@demo.example.com,"138 Clarence Square, Brighton",BN2 46BH,Flat,free,[]
618,Elena Collins,elena.collins618@demo.example.com,"155 Dyke Road, Brighton",BN2 51IM,Maisonette,free,[]
619,Vera Fox,vera.fox619@demo.example.com,"110 Upper Gardner Street, Brighton",BN3 66BC,Coach House,free,[]
620,Felix Cooper,felix.cooper620@demo.example.com,"67 Hanover Terrace, Brighton",BN3 11RK,Converted Loft,pro,"[""Renovation Receipts"",""Tenancy Agreement"",""EICR Certificate"",""Gas Safety Record"",""Boiler Service Report""]"
621,Bianca Morgan,bianca.morgan621@demo.example.com,"39 Ship Street, Brighton",BN2 84WP,Terraced,pro,"[""Photo ID"",""Tenancy Agreement""]"
622,Wren Ivory,wren.ivory622@demo.example.com,"32, Flat 6 Gloucester Road, Brighton",BN2 86IW,Flat,pro,"[""Insurance Policy"",""Boiler Service Report"",""Tenancy Agreement""]"
623,Uri Reed,uri.reed623@demo.example.com,"191, Flat 8 Fonthill Road, Brighton",BN1 32CL,Bungalow,free,[]
624,Daria Brooks,daria.brooks624@demo.example.com,"30 Hove Park Road, Brighton",BN3 52LN,Maisonette,free,[]
625,Felix Day,felix.day625@demo.example.com,"98 North Street, Brighton",BN2 06BF,Coach House,free,[]
626,Zane Smith,zane.smith626@demo.example.com,"18 Dyke Road, Brighton",BN2 82KK,Detached,free,[]
627,Tara Howe,tara.howe627@demo.example.com,"113 George Street, Brighton",BN2 48HB,Terraced,free,[]
628,Zane Morgan,zane.morgan628@demo.example.com,"76 Clarence Square, Brighton",BN3 47YB,Coach House,free,[]
629,Tara Wade,tara.wade629@demo.example.com,"55 Hanover Terrace, Brighton",BN3 25DG,Bungalow,pro,"[""Proof of Address"",""Land Registry Title""]"
630,Zane Taylor,zane.taylor630@demo.example.com,"6 New England Street, Brighton",BN1 58SX,Coach House,free,[]
631,Tara Edwards,tara.edwards631@demo.example.com,"198 Western Road, Brighton",BN3 02PG,Terraced,pro,"[""EICR Certificate"",""Insurance Policy"",""Tenancy Agreement"",""Photo ID"",""Gas Safety Record""]"
632,Alice Webb,alice.webb632@demo.example.com,"196 Sackville Road, Brighton",BN2 65RD,Bungalow,free,[]
633,Ben Underwood,ben.underwood633@demo.example.com,"13 Queens Road, Brighton",BN3 15WX,Semi-detached,free,[]
634,Will Turner,will.turner634@demo.example.com,"128 Fonthill Road, Brighton",BN2 00WG,Coach House,pro,"[""Photo ID"",""Boiler Service Report"",""EICR Certificate""]"
635,Zara Hayes,zara.hayes635@demo.example.com,"40 Elm Grove, Brighton",BN2 32TN,Coach House,free,[]
636,Quinn Palmer,quinn.palmer636@demo.example.com,"106 Baker Street, Brighton",BN2 48AS,Terraced,free,[]
637,Isla Reed,isla.reed637@demo.example.com,"135 Upper Gardner Street, Brighton",BN1 53PA,Flat,free,[]
638,Iris Underwood,iris.underwood638@demo.example.com,"164 Ship Street, Brighton",BN1 27OX,Bungalow,free,[]
639,Jude Quincy,jude.quincy639@demo.example.com,"205 Stanford Avenue, Brighton",BN1 23RX,Detached,free,[]
640,Eve Webb,eve.webb640@demo.example.com,"176 College Road, Brighton",BN1 67VA,Maisonette,free,[]
641,Zara Nash,zara.nash641@demo.example.com,"132 Wilbury Avenue, Brighton",BN1 80QN,Semi-detached,free,[]
642,Vera Gray,vera.gray642@demo.example.com,"130 The Lanes, Brighton",BN3 87QF,Flat,free,[]
643,Zara Cooper,zara.cooper643@demo.example.com,"3 College Road, Brighton",BN1 35KE,Flat,free,[]
644,Maya Underwood,maya.underwood644@demo.example.com,"186 Elm Grove, Brighton",BN2 30QF,Semi-detached,pro,"[""Gas Safety Record"",""Land Registry Title"",""Boiler Service Report""]"
645,Victor Walker,victor.walker645@demo.example.com,"61 Hanover Terrace, Brighton",BN3 73GM,Maisonette,pro,"[""EPC Certificate"",""Renovation Receipts"",""Tenancy Agreement""]"
646,Ronan Ivory,ronan.ivory646@demo.example.com,"144 Hangleton Road, Brighton",BN1 12DV,Terraced,free,[]
647,Cleo Carter,cleo.carter647@demo.example.com,"115 Fonthill Road, Brighton",BN1 02TD,Bungalow,free,[]
648,Finn Cross,finn.cross648@demo.example.com,"176 Sackville Road, Brighton",BN3 51RA,Coach House,pro,"[""Renovation Receipts"",""Boiler Service Report"",""Gas Safety Record"",""Proof of Address"",""EICR Certificate""]"
649,Logan Gray,logan.gray649@demo.example.com,"188 Ditchling Road, Brighton",BN3 71XI,Maisonette,free,[]
650,Zara Collins,zara.collins650@demo.example.com,"122 North Street, Brighton",BN2 47JM,Semi-detached,free,[]
651,Maya Phillips,maya.phillips651@demo.example.com,"53 Stanford Avenue, Brighton",BN1 36CL,Coach House,free,[]
652,Xena Edwards,xena.edwards652@demo.example.com,"47, Flat 10 Queens Road, Brighton",BN3 84ST,Converted Loft,pro,"[""Gas Safety Record"",""Boiler Service Report"",""EICR Certificate"",""EPC Certificate""]"
653,Logan Osborne,logan.osborne653@demo.example.com,"15 Stanford Avenue, Brighton",BN1 04GZ,Terraced,free,[]
654,Liam Carter,liam.carter654@demo.example.com,"25 Norfolk Square, Brighton",BN2 87ME,Bungalow,free,[]
655,Isla Young,isla.young655@demo.example.com,"148, Flat 1 Richmond Road, Brighton",BN2 25QB,Maisonette,pro,"[""Tenancy Agreement"",""EICR Certificate"",""Renovation Receipts""]"
656,Xena Wade,xena.wade656@demo.example.com,"80 London Road, Brighton",BN3 34WE,Detached,pro,"[""Insurance Policy"",""Boiler Service Report"",""Proof of Address"",""EPC Certificate""]"
657,Mila Zeller,mila.zeller657@demo.example.com,"46 Holland Road, Brighton",BN2 86QU,Bungalow,free,[]
658,Noah Cooper,noah.cooper658@demo.example.com,"50 Hangleton Road, Brighton",BN2 85TM,Bungalow,free,[]
659,Grace Walker,grace.walker659@demo.example.com,"113 Sackville Road, Brighton",BN2 26AH,Coach House,free,[]
660,Quinn Banks,quinn.banks660@demo.example.com,"115 Church Road, Brighton",BN1 32BN,Flat,free,[]
661,Bianca Hughes,bianca.hughes661@demo.example.com,"125 Bond Street, Brighton",BN1 06UR,Converted Loft,free,[]
662,Cleo Osborne,cleo.osborne662@demo.example.com,"199 Sackville Road, Brighton",BN1 25WI,Semi-detached,free,[]
663,Nico Howe,nico.howe663@demo.example.com,"62 Holland Road, Brighton",BN2 58HO,Flat,free,[]
664,Kara Fisher,kara.fisher664@demo.example.com,"88 College Road, Brighton",BN1 73WA,Semi-detached,free,[]
665,Theo Osborne,theo.osborne665@demo.example.com,"132 Dyke Road, Brighton",BN1 32UC,Bungalow,pro,"[""Tenancy Agreement"",""EICR Certificate"",""Photo ID"",""Gas Safety Record""]"
666,Maya Davies,maya.davies666@demo.example.com,"162 Beaconsfield Villas, Brighton",BN3 77WX,Coach House,free,[]
667,Theo Brooks,theo.brooks667@demo.example.com,"170 New England Street, Brighton",BN1 22RO,Converted Loft,pro,"[""EPC Certificate"",""Boiler Service Report"",""Gas Safety Record""]"
668,Quinn Sharp,quinn.sharp668@demo.example.com,"47 Upper North Street, Brighton",BN2 14FN,Flat,free,[]
669,Elena Moore,elena.moore669@demo.example.com,"117 Lansdowne Place, Brighton",BN3 14BV,Semi-detached,free,[]
670,Elena Lane,elena.lane670@demo.example.com,"86 Queens Road, Brighton",BN2 01PM,Flat,pro,"[""EICR Certificate"",""Insurance Policy"",""Proof of Address"",""Land Registry Title""]"
671,Grace Turner,grace.turner671@demo.example.com,"60 Stanford Avenue, Brighton",BN2 61OM,Converted Loft,pro,"[""Insurance Policy"",""Gas Safety Record"",""EICR Certificate"",""Proof of Address"",""Tenancy Agreement""]"
672,Harvey Riley,harvey.riley672@demo.example.com,"170 Hanover Terrace, Brighton",BN3 27GJ,Maisonette,free,[]
673,Georgia Howe,georgia.howe673@demo.example.com,"48 Sackville Road, Brighton",BN3 48ZN,Coach House,free,[]
674,Elena Adams,elena.adams674@demo.example.com,"63 Richmond Road, Brighton",BN3 78DQ,Terraced,pro,"[""Tenancy Agreement"",""Renovation Receipts"",""Boiler Service Report"",""EICR Certificate""]"
675,Nico Riley,nico.riley675@demo.example.com,"61 Palmeira Square, Brighton",BN3 47OW,Bungalow,pro,"[""Gas Safety Record"",""EICR Certificate"",""Tenancy Agreement""]"
676,Wren Price,wren.price676@demo.example.com,"193 Sackville Road, Brighton",BN1 45FK,Maisonette,free,[]
677,Felix Gardner,felix.gardner677@demo.example.com,"194 Elm Grove, Brighton",BN3 47MS,Terraced,pro,"[""Land Registry Title"",""EPC Certificate"",""Boiler Service Report"",""Gas Safety Record""]"
678,Sam King,sam.king678@demo.example.com,"155 Clarence Square, Brighton",BN3 68RX,Detached,pro,"[""Renovation Receipts"",""Tenancy Agreement"",""Land Registry Title""]"
679,Noah Zeller,noah.zeller679@demo.example.com,"208 Montpelier Road, Brighton",BN3 64WD,Converted Loft,pro,"[""Tenancy Agreement"",""EICR Certificate"",""Gas Safety Record"",""EPC Certificate""]"
680,Maya Edwards,maya.edwards680@demo.example.com,"11 Palmeira Square, Brighton",BN3 21TI,Coach House,pro,"[""Tenancy Agreement"",""Boiler Service Report"",""EICR Certificate"",""Renovation Receipts"",""Gas Safety Record""]"
681,Vera Underwood,vera.underwood681@demo.example.com,"104, Flat 3 Brighton Place, Brighton",BN3 44HN,Maisonette,pro,"[""Land Registry Title"",""Proof of Address"",""Gas Safety Record""]"
682,Will Frost,will.frost682@demo.example.com,"59 Brighton Place, Brighton",BN2 00SE,Converted Loft,pro,"[""Land Registry Title"",""Insurance Policy"",""Tenancy Agreement"",""EICR Certificate"",""Proof of Address""]"
683,Wren Taylor,wren.taylor683@demo.example.com,"92 Palmeira Square, Brighton",BN2 73FS,Detached,pro,"[""EPC Certificate"",""Boiler Service Report"",""EICR Certificate""]"
684,Finn Day,finn.day684@demo.example.com,"90 Holland Road, Brighton",BN1 57LG,Terraced,free,[]
685,Vera Fox,vera.fox685@demo.example.com,"159, Flat 2 Ditchling Road, Brighton",BN2 35TJ,Terraced,pro,"[""Photo ID"",""EPC Certificate"",""Gas Safety Record"",""Boiler Service Report""]"
686,Victor Collins,victor.collins686@demo.example.com,"138, Flat 11 Goldstone Villas, Brighton",BN2 28YR,Semi-detached,pro,"[""Gas Safety Record"",""EICR Certificate"",""Boiler Service Report"",""Land Registry Title"",""Renovation Receipts""]"
687,Jonah Baker,jonah.baker687@demo.example.com,"20, Flat 1 Montpelier Road, Brighton",BN1 82UC,Detached,pro,"[""Tenancy Agreement"",""Renovation Receipts"",""Boiler Service Report""]"
688,Poppy Vale,poppy.vale688@demo.example.com,"4 Hartington Road, Brighton",BN2 84AC,Detached,pro,"[""Photo ID"",""Tenancy Agreement"",""Proof of Address""]"
689,Iris Howe,iris.howe689@demo.example.com,"200 Upper North Street, Brighton",BN3 32AI,Maisonette,pro,"[""Boiler Service Report"",""Renovation Receipts"",""Land Registry Title"",""Photo ID"",""Gas Safety Record""]"
690,Una Quincy,una.quincy690@demo.example.com,"129 Hanover Terrace, Brighton",BN3 56DT,Semi-detached,free,[]
691,Wren Underwood,wren.underwood691@demo.example.com,"125 Bond Street, Brighton",BN2 78UK,Coach House,free,[]
692,Jonah Phillips,jonah.phillips692@demo.example.com,"202 Holland Road, Brighton",BN2 71CZ,Semi-detached,free,[]
693,Finn Lane,finn.lane693@demo.example.com,"184 The Lanes, Brighton",BN1 23PB,Detached,pro,"[""Photo ID"",""Renovation Receipts"",""Tenancy Agreement"",""EICR Certificate"",""Proof of Address""]"
694,Finn Webb,finn.webb694@demo.example.com,"126 Upper Gardner Street, Brighton",BN1 08WO,Flat,free,[]
695,Pia Turner,pia.turner695@demo.example.com,"39, Flat 6 York Place, Brighton",BN2 67VM,Semi-detached,pro,"[""Gas Safety Record"",""Tenancy Agreement"",""EICR Certificate"",""Renovation Receipts""]"
696,Vera Banks,vera.banks696@demo.example.com,"45 Beaconsfield Villas, Brighton",BN1 16MN,Semi-detached,pro,"[""Boiler Service Report"",""EICR Certificate""]"
697,Una Phillips,una.phillips697@demo.example.com,"147 Queens Road, Brighton",BN3 33SO,Terraced,free,[]
698,Bianca Baker,bianca.baker698@demo.example.com,"62 Gloucester Road, Brighton",BN1 44FY,Terraced,free,[]
699,Poppy Collins,poppy.collins699@demo.example.com,"24 Valley Gardens, Brighton",BN1 75UD,Detached,free,[]
700,Grace Moore,grace.moore700@demo.example.com,"98 Stanford Avenue, Brighton",BN1 68YC,Converted Loft,free,[]
701,Uri Zeller,uri.zeller701@demo.example.com,"33 Upper North Street, Brighton",BN2 22SM,Converted Loft,pro,"[""EICR Certificate"",""Tenancy Agreement"",""Renovation Receipts""]"
702,Aaron Riley,aaron.riley702@demo.example.com,"114 Hampstead Road, Brighton",BN1 13VQ,Maisonette,pro,"[""Land Registry Title"",""Proof of Address"",""Insurance Policy"",""Photo ID""]"
703,Maya Howe,maya.howe703@demo.example.com,"158 Lansdowne Place, Brighton",BN3 22MS,Terraced,free,[]
704,Iris Palmer,iris.palmer704@demo.example.com,"40, Flat 3 Palmeira Square, Brighton",BN3 46WM,Semi-detached,free,[]
705,Yasmin Clarke,yasmin.clarke705@demo.example.com,"95 Lewes Road, Brighton",BN1 45HM,Coach House,pro,"[""Boiler Service Report"",""Tenancy Agreement"",""Insurance Policy"",""Gas Safety Record"",""Proof of Address""]"
706,Ronan Cooper,ronan.cooper706@demo.example.com,"66 North Street, Brighton",BN2 21XZ,Converted Loft,pro,"[""Gas Safety Record"",""EPC Certificate"",""Boiler Service Report"",""Proof of Address"",""EICR Certificate""]"
707,Finn Smith,finn.smith707@demo.example.com,"90 Hove Park Road, Brighton",BN3 57PW,Flat,pro,"[""Renovation Receipts"",""Insurance Policy"",""Photo ID"",""Boiler Service Report"",""Proof of Address""]"
708,Poppy Osborne,poppy.osborne708@demo.example.com,"180 Hangleton Road, Brighton",BN1 65DX,Maisonette,free,[]
709,Ronan Peters,ronan.peters709@demo.example.com,"22 Gloucester Road, Brighton",BN2 12JV,Flat,free,[]
710,Quinn Gardner,quinn.gardner710@demo.example.com,"43 Stanford Avenue, Brighton",BN1 86QY,Detached,pro,"[""Gas Safety Record"",""Renovation Receipts"",""Insurance Policy"",""Land Registry Title"",""Boiler Service Report""]"
711,Theo Smith,theo.smith711@demo.example.com,"31, Flat 8 Church Road, Brighton",BN1 34FY,Terraced,free,[]
712,Zane Cooper,zane.cooper712@demo.example.com,"155 New England Street, Brighton",BN1 67TT,Detached,free,[]
713,Eve Zeller,eve.zeller713@demo.example.com,"160 Holland Road, Brighton",BN2 42RJ,Coach House,free,[]
714,Grace Cooper,grace.cooper714@demo.example.com,"101, Flat 10 Marine Parade, Brighton",BN2 01FG,Bungalow,free,[]
715,Dylan Taylor,dylan.taylor715@demo.example.com,"207 Hangleton Road, Brighton",BN1 63OH,Converted Loft,pro,"[""Tenancy Agreement"",""Boiler Service Report"",""Proof of Address""]"
716,Zane Taylor,zane.taylor716@demo.example.com,"4 Brighton Place, Brighton",BN3 48DD,Converted Loft,pro,"[""Photo ID"",""Proof of Address"",""Boiler Service Report""]"
717,Liam Fisher,liam.fisher717@demo.example.com,"66 Church Road, Brighton",BN1 03PJ,Terraced,free,[]
718,Felix Ivory,felix.ivory718@demo.example.com,"173 Valley Gardens, Brighton",BN1 18SY,Maisonette,free,[]
719,Bianca Smith,bianca.smith719@demo.example.com,"56 Ditchling Road, Brighton",BN3 01HK,Converted Loft,free,[]
720,Rae Riley,rae.riley720@demo.example.com,"141 Hangleton Road, Brighton",BN3 60BB,Detached,pro,"[""Renovation Receipts"",""Tenancy Agreement"",""EICR Certificate""]"
721,Theo Walker,theo.walker721@demo.example.com,"133 Bond Street, Brighton",BN3 76ZZ,Bungalow,free,[]
722,Quinn Jones,quinn.jones722@demo.example.com,"116 Western Road, Brighton",BN2 40GD,Converted Loft,free,[]
723,Quinn Carter,quinn.carter723@demo.example.com,"65, Flat 5 Richmond Road, Brighton",BN2 43KA,Semi-detached,pro,"[""Boiler Service Report"",""Renovation Receipts""]"
724,Vera Day,vera.day724@demo.example.com,"191 The Lanes, Brighton",BN3 81FQ,Converted Loft,free,[]
725,Hugo Clarke,hugo.clarke725@demo.example.com,"84 Preston Road, Brighton",BN2 32QG,Semi-detached,free,[]
726,Uri Webb,uri.webb726@demo.example.com,"57, Flat 1 Ditchling Road, Brighton",BN3 73IL,Detached,pro,"[""Photo ID"",""EPC Certificate"",""Proof of Address""]"
727,Elena Fox,elena.fox727@demo.example.com,"95 College Road, Brighton",BN2 30DG,Detached,free,[]
728,Will Sharp,will.sharp728@demo.example.com,"97 Stanford Avenue, Brighton",BN1 46JI,Bungalow,free,[]
729,Uri Peters,uri.peters729@demo.example.com,"164 Portland Road, Brighton",BN1 56CO,Coach House,pro,"[""EPC Certificate"",""Boiler Service Report"",""Gas Safety Record""]"
730,Grace Palmer,grace.palmer730@demo.example.com,"32 Gloucester Road, Brighton",BN1 42QB,Semi-detached,pro,"[""Boiler Service Report"",""Photo ID"",""Renovation Receipts"",""Tenancy Agreement"",""EPC Certificate""]"
731,Daria Baker,daria.baker731@demo.example.com,"160 New England Street, Brighton",BN1 04DM,Maisonette,free,[]
732,Victor Cross,victor.cross732@demo.example.com,"21, Flat 2 Lewes Road, Brighton",BN3 26AV,Maisonette,free,[]
733,Logan Webb,logan.webb733@demo.example.com,"61 North Street, Brighton",BN3 11SO,Detached,pro,"[""Boiler Service Report"",""EPC Certificate"",""Insurance Policy""]"
734,Aaron Riley,aaron.riley734@demo.example.com,"201, Flat 4 Norfolk Square, Brighton",BN1 44FW,Detached,pro,"[""Boiler Service Report"",""Gas Safety Record"",""Land Registry Title"",""Renovation Receipts""]"
735,Sam Collins,sam.collins735@demo.example.com,"119, Flat 8 George Street, Brighton",BN2 34BQ,Terraced,free,[]
736,Una Xu,una.xu736@demo.example.com,"172 York Place, Brighton",BN1 41PW,Converted Loft,free,[]
737,Jonah Carter,jonah.carter737@demo.example.com,"109 Sackville Road, Brighton",BN3 11AM,Maisonette,free,[]
738,Ronan Fox,ronan.fox738@demo.example.com,"32, Flat 2 Palmeira Square, Brighton",BN1 31JY,Converted Loft,pro,"[""Tenancy Agreement"",""EICR Certificate"",""Gas Safety Record""]"
739,Zane Adams,zane.adams739@demo.example.com,"38 Hanover Terrace, Brighton",BN1 78II,Flat,free,[]
740,Vera Fox,vera.fox740@demo.example.com,"114, Flat 12 New England Street, Brighton",BN3 03ZD,Terraced,free,[]
741,Theo Carter,theo.carter741@demo.example.com,"209 Sackville Road, Brighton",BN2 04SA,Terraced,free,[]
742,Dylan Gardner,dylan.gardner742@demo.example.com,"200 Beaconsfield Villas, Brighton",BN2 32WL,Converted Loft,free,[]
743,Mila Brooks,mila.brooks743@demo.example.com,"204 Hartington Road, Brighton",BN3 04QE,Semi-detached,pro,"[""Insurance Policy"",""Boiler Service Report"",""Gas Safety Record""]"
744,Noah Price,noah.price744@demo.example.com,"100 Hove Park Road, Brighton",BN2 08DT,Detached,pro,"[""Tenancy Agreement"",""Boiler Service Report"",""Land Registry Title"",""EICR Certificate""]"
745,Aaron Quincy,aaron.quincy745@demo.example.com,"50 Hartington Road, Brighton",BN1 41ON,Converted Loft,free,[]
746,Jonah Young,jonah.young746@demo.example.com,"151 Church Road, Brighton",BN2 58DU,Semi-detached,pro,"[""Tenancy Agreement"",""EPC Certificate"",""Proof of Address"",""EICR Certificate"",""Photo ID""]"
747,Aaron Xu,aaron.xu747@demo.example.com,"65, Flat 8 Ship Street, Brighton",BN2 77ZK,Semi-detached,free,[]
748,Tara Smith,tara.smith748@demo.example.com,"78 London Road, Brighton",BN1 51MG,Flat,free,[]
749,Isla Wade,isla.wade749@demo.example.com,"18 Dyke Road, Brighton",BN2 03QU,Coach House,pro,"[""Renovation Receipts"",""Tenancy Agreement"",""Gas Safety Record"",""EICR Certificate"",""Photo ID""]"
750,Victor Underwood,victor.underwood750@demo.example.com,"168 Hanover Terrace, Brighton",BN2 11ZP,Detached,free,[]
751,Isla Collins,isla.collins751@demo.example.com,"44 Brighton Place, Brighton",BN2 50WE,Bungalow,free,[]
752,Cleo Fisher,cleo.fisher752@demo.example.com,"154 Preston Road, Brighton",BN3 65GB,Bungalow,free,[]
753,Nico Fisher,nico.fisher753@demo.example.com,"92 Queens Road, Brighton",BN1 16EB,Maisonette,free,[]
754,Noah Fox,noah.fox754@demo.example.com,"95 Holland Road, Brighton",BN1 02DN,Detached,free,[]
755,Una Moore,una.moore755@demo.example.com,"127 Hanover Terrace, Brighton",BN3 40XD,Maisonette,free,[]
756,Poppy Fox,poppy.fox756@demo.example.com,"186 Hove Park Road, Brighton",BN3 48CQ,Flat,pro,"[""Boiler Service Report"",""Gas Safety Record"",""Renovation Receipts"",""Photo ID""]"
757,Kara Ivory,kara.ivory757@demo.example.com,"173 Lansdowne Place, Brighton",BN1 86UV,Semi-detached,pro,"[""Renovation Receipts"",""EICR Certificate"",""Land Registry Title""]"
758,Will Banks,will.banks758@demo.example.com,"91 Grand Avenue, Brighton",BN1 06SS,Flat,pro,"[""Photo ID"",""Insurance Policy"",""Renovation Receipts"",""EICR Certificate"",""Land Registry Title""]"
759,Nico Peters,nico.peters759@demo.example.com,"110 Stanford Avenue, Brighton",BN2 32TI,Bungalow,free,[]
760,Ben Ward,ben.ward760@demo.example.com,"32, Flat 10 Queens Road, Brighton",BN1 43PI,Maisonette,free,[]
761,Bianca Collins,bianca.collins761@demo.example.com,"189 Upper North Street, Brighton",BN1 32LR,Semi-detached,free,[]
762,Sam Brooks,sam.brooks762@demo.example.com,"123 Bond Street, Brighton",BN1 32IR,Converted Loft,pro,"[""Proof of Address"",""EICR Certificate"",""Tenancy Agreement""]"
763,Jonah Ward,jonah.ward763@demo.example.com,"130 Portland Road, Brighton",BN1 62QQ,Bungalow,pro,"[""Photo ID"",""Land Registry Title"",""Insurance Policy""]"
764,Daria Frost,daria.frost764@demo.example.com,"161 Sackville Road, Brighton",BN1 24VI,Semi-detached,pro,"[""Land Registry Title"",""EPC Certificate"",""Renovation Receipts""]"
765,Will Jones,will.jones765@demo.example.com,"93 Dyke Road, Brighton",BN1 00PF,Detached,free,[]
766,Olive Phillips,olive.phillips766@demo.example.com,"49, Flat 6 Upper Gardner Street, Brighton",BN3 42ZL,Terraced,free,[]
767,Victor Ward,victor.ward767@demo.example.com,"16, Flat 8 Richmond Road, Brighton",BN2 45QW,Flat,free,[]
768,Zara Underwood,zara.underwood768@demo.example.com,"129 Ship Street, Brighton",BN2 74MY,Terraced,free,[]
769,Jonah Riley,jonah.riley769@demo.example.com,"169 Baker Street, Brighton",BN2 61GU,Coach House,free,[]
770,Zara Riley,zara.riley770@demo.example.com,"4 Gloucester Road, Brighton",BN1 78RX,Bungalow,pro,"[""EPC Certificate"",""Tenancy Agreement"",""EICR Certificate"",""Insurance Policy""]"
771,Uri Riley,uri.riley771@demo.example.com,"55 Palmeira Square, Brighton",BN2 35ZY,Converted Loft,free,[]
772,Jonah Webb,jonah.webb772@demo.example.com,"119 Montpelier Road, Brighton",BN1 44ND,Flat,free,[]
773,Rae Davies,rae.davies773@demo.example.com,"164 Ditchling Road, Brighton",BN1 28TB,Flat,free,[]
774,Kara Osborne,kara.osborne774@demo.example.com,"98 Ship Street, Brighton",BN3 54VT,Flat,pro,"[""Boiler Service Report"",""Tenancy Agreement"",""EICR Certificate""]"
775,Jude Fox,jude.fox775@demo.example.com,"196 Norfolk Square, Brighton",BN1 22PX,Coach House,pro,"[""Photo ID"",""Gas Safety Record"",""Proof of Address"",""Renovation Receipts"",""EICR Certificate""]"
776,Quinn Adams,quinn.adams776@demo.example.com,"38 Kingsway, Brighton",BN2 05MP,Maisonette,free,[]
777,Isla Moore,isla.moore777@demo.example.com,"27 Lewes Road, Brighton",BN2 56KX,Detached,pro,"[""Renovation Receipts"",""EICR Certificate"",""Gas Safety Record"",""EPC Certificate""]"
778,Jude Moore,jude.moore778@demo.example.com,"75 Ship Street, Brighton",BN3 12CV,Terraced,free,[]
779,Pia Hughes,pia.hughes779@demo.example.com,"86, Flat 6 New England Street, Brighton",BN1 56TL,Bungalow,free,[]
780,Mila Lane,mila.lane780@demo.example.com,"12 New England Street, Brighton",BN2 13GT,Detached,free,[]
781,Wren Edwards,wren.edwards781@demo.example.com,"164 Brighton Place, Brighton",BN2 63TX,Terraced,pro,"[""Photo ID"",""Boiler Service Report"",""Tenancy Agreement""]"
782,Dylan Hayes,dylan.hayes782@demo.example.com,"23 Upper North Street, Brighton",BN2 06KW,Coach House,pro,"[""Land Registry Title"",""Photo ID"",""Tenancy Agreement"",""EICR Certificate""]"
783,Iris Underwood,iris.underwood783@demo.example.com,"140, Flat 9 Wilbury Road, Brighton",BN2 44CL,Coach House,free,[]
784,Theo Frost,theo.frost784@demo.example.com,"160, Flat 10 The Lanes, Brighton",BN2 76GG,Converted Loft,free,[]
785,Quinn Ivory,quinn.ivory785@demo.example.com,"37 College Road, Brighton",BN1 43TN,Converted Loft,free,[]
786,Theo Frost,theo.frost786@demo.example.com,"48 Ditchling Road, Brighton",BN3 33NX,Bungalow,free,[]
787,Poppy Underwood,poppy.underwood787@demo.example.com,"160 Lewes Road, Brighton",BN1 67UM,Terraced,pro,"[""Photo ID"",""EICR Certificate""]"
788,Callum Riley,callum.riley788@demo.example.com,"182 Queens Road, Brighton",BN1 35KG,Coach House,free,[]
789,Maya Reed,maya.reed789@demo.example.com,"202 Western Road, Brighton",BN1 37SS,Coach House,pro,"[""Insurance Policy"",""Tenancy Agreement"",""EPC Certificate"",""Renovation Receipts""]"
790,Nico Taylor,nico.taylor790@demo.example.com,"120 George Street, Brighton",BN3 26FN,Coach House,free,[]
791,Zane Baker,zane.baker791@demo.example.com,"136 Hove Park Road, Brighton",BN1 43AB,Converted Loft,pro,"[""Boiler Service Report"",""Tenancy Agreement"",""EICR Certificate"",""Renovation Receipts""]"
792,Hugo Adams,hugo.adams792@demo.example.com,"146 The Lanes, Brighton",BN1 35TG,Flat,free,[]
793,Xena Palmer,xena.palmer793@demo.example.com,"179 Sussex Square, Brighton",BN1 14AN,Terraced,free,[]
794,Sienna Wade,sienna.wade794@demo.example.com,"117 Holland Road, Brighton",BN3 75YN,Detached,pro,"[""Land Registry Title"",""Photo ID"",""Gas Safety Record""]"
795,Noah Smith,noah.smith795@demo.example.com,"50 Beaconsfield Villas, Brighton",BN3 01MG,Bungalow,free,[]
796,Dylan Smith,dylan.smith796@demo.example.com,"116 North Street, Brighton",BN2 82VU,Coach House,pro,"[""Tenancy Agreement"",""EICR Certificate""]"
797,Poppy Price,poppy.price797@demo.example.com,"139 Fonthill Road, Brighton",BN2 21SN,Semi-detached,pro,"[""Tenancy Agreement"",""Land Registry Title""]"
798,Elena Banks,elena.banks798@demo.example.com,"109 Holland Road, Brighton",BN3 18GW,Terraced,free,[]
799,Logan King,logan.king799@demo.example.com,"153, Flat 3 Queens Road, Brighton",BN3 87CY,Detached,pro,"[""EICR Certificate"",""Boiler Service Report"",""Photo ID"",""Gas Safety Record""]"
800,Aaron King,aaron.king800@demo.example.com,"85, Flat 1 Baker Street, Brighton",BN1 54IQ,Terraced,pro,"[""Boiler Service Report"",""Tenancy Agreement"",""Insurance Policy""]"
801,Isla Peters,isla.peters801@demo.example.com,"86 Montpelier Road, Brighton",BN1 43BO,Terraced,free,[]
802,Nico Fisher,nico.fisher802@demo.example.com,"112 Sussex Square, Brighton",BN1 36DV,Terraced,free,[]
803,Tara Clarke,tara.clarke803@demo.example.com,"175, Flat 3 George Street, Brighton",BN2 20TJ,Detached,pro,"[""Boiler Service Report"",""Photo ID"",""Gas Safety Record""]"
804,Tara Young,tara.young804@demo.example.com,"157 George Street, Brighton",BN2 52PH,Bungalow,pro,"[""Boiler Service Report"",""Gas Safety Record"",""EPC Certificate"",""Proof of Address"",""Renovation Receipts""]"
805,Vera Sharp,vera.sharp805@demo.example.com,"161 Beaconsfield Villas, Brighton",BN1 06MK,Bungalow,free,[]
806,Maya Moore,maya.moore806@demo.example.com,"29 Gloucester Road, Brighton",BN1 83PE,Detached,free,[]
807,Iris Osborne,iris.osborne807@demo.example.com,"72 York Place, Brighton",BN2 63UJ,Maisonette,pro,"[""EICR Certificate"",""Tenancy Agreement"",""Gas Safety Record"",""Boiler Service Report""]"
808,Liam Young,liam.young808@demo.example.com,"36, Flat 5 Gloucester Road, Brighton",BN3 43CZ,Coach House,pro,"[""Renovation Receipts"",""Land Registry Title"",""Tenancy Agreement"",""Boiler Service Report"",""EICR Certificate""]"
809,Dylan Peters,dylan.peters809@demo.example.com,"36 Richmond Road, Brighton",BN2 60KA,Terraced,free,[]
810,Yasmin Hart,yasmin.hart810@demo.example.com,"76 North Street, Brighton",BN3 03VB,Coach House,free,[]
811,Hugo Vale,hugo.vale811@demo.example.com,"51 Wilbury Avenue, Brighton",BN3 73YF,Detached,pro,"[""Renovation Receipts"",""Land Registry Title"",""EPC Certificate"",""Boiler Service Report"",""Tenancy Agreement""]"
812,Tara Ivory,tara.ivory812@demo.example.com,"162, Flat 8 Blatchington Road, Brighton",BN2 24ZP,Maisonette,pro,"[""Photo ID"",""Gas Safety Record"",""EICR Certificate"",""EPC Certificate""]"
813,Keira Carter,keira.carter813@demo.example.com,"89 Richmond Road, Brighton",BN1 80SD,Flat,pro,"[""EICR Certificate"",""Proof of Address"",""Gas Safety Record"",""Land Registry Title"",""Insurance Policy""]"
814,Daria Adams,daria.adams814@demo.example.com,"28 Lewes Road, Brighton",BN3 28HW,Bungalow,pro,"[""Tenancy Agreement"",""Boiler Service Report"",""Proof of Address"",""EICR Certificate"",""Photo ID""]"
815,Olive Brooks,olive.brooks815@demo.example.com,"24 Brighton Place, Brighton",BN2 33MS,Terraced,free,[]
816,Vera Young,vera.young816@demo.example.com,"17 Holland Road, Brighton",BN3 77TH,Maisonette,pro,"[""Boiler Service Report"",""Photo ID""]"
817,Aaron Sharp,aaron.sharp817@demo.example.com,"40 Stanford Avenue, Brighton",BN2 40OT,Semi-detached,pro,"[""Insurance Policy"",""Tenancy Agreement"",""Proof of Address"",""EICR Certificate"",""Land Registry Title""]"
818,Cleo Osborne,cleo.osborne818@demo.example.com,"129 Gloucester Road, Brighton",BN1 08TV,Semi-detached,free,[]
819,Rae Carter,rae.carter819@demo.example.com,"80 Hangleton Road, Brighton",BN1 07UO,Semi-detached,free,[]
820,Aaron Osborne,aaron.osborne820@demo.example.com,"183, Flat 2 Baker Street, Brighton",BN2 20AC,Semi-detached,pro,"[""Photo ID"",""EPC Certificate""]"
821,Vera Phillips,vera.phillips821@demo.example.com,"180, Flat 8 Beaconsfield Villas, Brighton",BN2 17ZP,Semi-detached,pro,"[""EICR Certificate"",""Land Registry Title"",""Photo ID"",""Tenancy Agreement""]"
822,Kara Osborne,kara.osborne822@demo.example.com,"8 Hangleton Road, Brighton",BN3 00MH,Terraced,free,[]
823,Bianca Taylor,bianca.taylor823@demo.example.com,"101 Sackville Road, Brighton",BN3 37CM,Maisonette,free,[]
824,Zara Walker,zara.walker824@demo.example.com,"64 Wilbury Avenue, Brighton",BN2 22HM,Semi-detached,pro,"[""Land Registry Title"",""Proof of Address"",""Boiler Service Report"",""Gas Safety Record""]"
825,Ben Quincy,ben.quincy825@demo.example.com,"167 New England Street, Brighton",BN2 36PY,Semi-detached,pro,"[""Insurance Policy"",""Tenancy Agreement"",""Photo ID"",""Boiler Service Report"",""Renovation Receipts""]"
826,Bianca Young,bianca.young826@demo.example.com,"64 York Place, Brighton",BN2 03GS,Bungalow,free,[]
827,Finn Jones,finn.jones827@demo.example.com,"207 Grand Avenue, Brighton",BN2 38KX,Terraced,pro,"[""Tenancy Agreement"",""Gas Safety Record"",""EPC Certificate""]"
828,Sam Sharp,sam.sharp828@demo.example.com,"2 Gloucester Road, Brighton",BN2 64DO,Semi-detached,pro,"[""Renovation Receipts"",""Land Registry Title"",""Tenancy Agreement""]"
829,Ronan Young,ronan.young829@demo.example.com,"197 Stanford Avenue, Brighton",BN2 82CB,Coach House,pro,"[""Renovation Receipts"",""Tenancy Agreement"",""EICR Certificate"",""EPC Certificate"",""Proof of Address""]"
830,Grace Hart,grace.hart830@demo.example.com,"128 Richmond Road, Brighton",BN1 70TN,Bungalow,pro,"[""Photo ID"",""EPC Certificate"",""Boiler Service Report""]"
831,Sienna Nash,sienna.nash831@demo.example.com,"49, Flat 1 Hangleton Road, Brighton",BN1 40RB,Maisonette,free,[]
832,Isla Smith,isla.smith832@demo.example.com,"88 Sussex Square, Brighton",BN1 18CW,Maisonette,pro,"[""EICR Certificate"",""Proof of Address""]"
833,Yasmin Edwards,yasmin.edwards833@demo.example.com,"78 Queens Road, Brighton",BN2 46NR,Semi-detached,pro,"[""EPC Certificate"",""Gas Safety Record"",""Renovation Receipts"",""Boiler Service Report""]"
834,Grace Peters,grace.peters834@demo.example.com,"185 Wilbury Road, Brighton",BN2 63EE,Semi-detached,free,[]
835,Georgia Wade,georgia.wade835@demo.example.com,"125 College Road, Brighton",BN1 63NL,Terraced,pro,"[""Photo ID"",""Tenancy Agreement"",""EPC Certificate""]"
836,Iris Morgan,iris.morgan836@demo.example.com,"172 Lansdowne Place, Brighton",BN1 61FB,Flat,free,[]
837,Orla Nash,orla.nash837@demo.example.com,"3, Flat 8 Fonthill Road, Brighton",BN3 03UE,Coach House,free,[]
838,Theo Riley,theo.riley838@demo.example.com,"187, Flat 7 North Street, Brighton",BN2 86CY,Semi-detached,pro,"[""Insurance Policy"",""EICR Certificate"",""EPC Certificate"",""Gas Safety Record"",""Photo ID""]"
839,Yasmin Edwards,yasmin.edwards839@demo.example.com,"152, Flat 12 Hampstead Road, Brighton",BN1 56ZJ,Maisonette,pro,"[""Renovation Receipts"",""Gas Safety Record"",""Tenancy Agreement"",""Boiler Service Report"",""Land Registry Title""]"
840,Eve Moore,eve.moore840@demo.example.com,"13 Baker Street, Brighton",BN3 24EZ,Detached,free,[]
841,Cleo Quincy,cleo.quincy841@demo.example.com,"138 Hove Park Road, Brighton",BN2 78HA,Converted Loft,pro,"[""Tenancy Agreement"",""Boiler Service Report"",""Photo ID""]"
842,Keira Smith,keira.smith842@demo.example.com,"7 Hove Park Road, Brighton",BN2 14ZS,Terraced,free,[]
843,Orla Davies,orla.davies843@demo.example.com,"57 Upper Gardner Street, Brighton",BN2 56TD,Bungalow,pro,"[""Boiler Service Report"",""Gas Safety Record"",""Proof of Address"",""EPC Certificate""]"
844,Cleo Frost,cleo.frost844@demo.example.com,"198, Flat 3 Western Road, Brighton",BN3 41TF,Detached,free,[]
845,Nico Gardner,nico.gardner845@demo.example.com,"118, Flat 7 Norfolk Square, Brighton",BN2 28SJ,Converted Loft,free,[]
846,Rae Underwood,rae.underwood846@demo.example.com,"69, Flat 10 Sackville Road, Brighton",BN2 17OW,Terraced,pro,"[""Insurance Policy"",""Renovation Receipts"",""Proof of Address""]"
847,Eve Lane,eve.lane847@demo.example.com,"34 Hampstead Road, Brighton",BN2 56KO,Semi-detached,free,[]
848,Grace Gray,grace.gray848@demo.example.com,"183 Ship Street, Brighton",BN3 36JY,Maisonette,pro,"[""Insurance Policy"",""EPC Certificate"",""Proof of Address"",""Tenancy Agreement"",""Renovation Receipts""]"
849,Isla Lane,isla.lane849@demo.example.com,"148 Stanford Avenue, Brighton",BN1 22NO,Flat,free,[]
850,Keira Price,keira.price850@demo.example.com,"37 Blatchington Road, Brighton",BN1 25JV,Detached,free,[]
851,Theo Quincy,theo.quincy851@demo.example.com,"5 Ditchling Road, Brighton",BN1 56HH,Flat,pro,"[""Insurance Policy"",""Gas Safety Record"",""EICR Certificate"",""Tenancy Agreement""]"
852,Olive Jones,olive.jones852@demo.example.com,"187 Clarence Square, Brighton",BN1 52MD,Converted Loft,pro,"[""Proof of Address"",""Land Registry Title""]"
853,Uri Price,uri.price853@demo.example.com,"75 Upper North Street, Brighton",BN2 12PE,Detached,free,[]
854,Mila Osborne,mila.osborne854@demo.example.com,"84 Montpelier Road, Brighton",BN1 84QM,Coach House,pro,"[""EPC Certificate"",""Boiler Service Report"",""Gas Safety Record""]"
855,Keira Lane,keira.lane855@demo.example.com,"163 Upper North Street, Brighton",BN2 54TO,Maisonette,pro,"[""Boiler Service Report"",""Gas Safety Record"",""Renovation Receipts""]"
856,Vera Banks,vera.banks856@demo.example.com,"70 Hanover Terrace, Brighton",BN1 52WZ,Converted Loft,free,[]
857,Orla Morgan,orla.morgan857@demo.example.com,"199 Hangleton Road, Brighton",BN1 28DP,Terraced,free,[]
858,Xena Sharp,xena.sharp858@demo.example.com,"147 Sussex Square, Brighton",BN1 34NI,Semi-detached,pro,"[""Tenancy Agreement"",""Insurance Policy"",""EICR Certificate""]"
859,Harvey Underwood,harvey.underwood859@demo.example.com,"134 Brighton Place, Brighton",BN3 44UA,Flat,pro,"[""EPC Certificate"",""Proof of Address"",""Boiler Service Report"",""Renovation Receipts""]"
860,Grace King,grace.king860@demo.example.com,"107 Upper North Street, Brighton",BN1 72TP,Flat,free,[]
861,Sienna Baker,sienna.baker861@demo.example.com,"132 New England Street, Brighton",BN1 44UY,Detached,pro,"[""Boiler Service Report"",""Gas Safety Record""]"
862,Aaron Ward,aaron.ward862@demo.example.com,"123, Flat 11 Holland Road, Brighton",BN3 25MF,Converted Loft,free,[]
863,Noah Howe,noah.howe863@demo.example.com,"15 Queens Road, Brighton",BN1 48JJ,Bungalow,pro,"[""Proof of Address"",""Photo ID"",""Renovation Receipts""]"
864,Liam Day,liam.day864@demo.example.com,"64, Flat 8 Clarence Square, Brighton",BN1 04VM,Converted Loft,free,[]
865,Tara Clarke,tara.clarke865@demo.example.com,"145 Grand Avenue, Brighton",BN3 81VI,Terraced,pro,"[""Photo ID"",""Renovation Receipts"",""Gas Safety Record""]"
866,Dylan Day,dylan.day866@demo.example.com,"195, Flat 9 York Place, Brighton",BN1 00QW,Terraced,free,[]
867,Mila Davies,mila.davies867@demo.example.com,"146 Stanford Avenue, Brighton",BN1 73QI,Coach House,free,[]
868,Aaron Smith,aaron.smith868@demo.example.com,"94 Ship Street, Brighton",BN1 28WE,Converted Loft,pro,"[""Tenancy Agreement"",""Gas Safety Record"",""EPC Certificate"",""Boiler Service Report"",""Insurance Policy""]"
869,Sienna Fox,sienna.fox869@demo.example.com,"167 Hanover Terrace, Brighton",BN2 13CN,Flat,free,[]
870,Jonah Xu,jonah.xu870@demo.example.com,"141 New England Street, Brighton",BN2 08UB,Coach House,free,[]
871,Daria Moore,daria.moore871@demo.example.com,"124 Wilbury Road, Brighton",BN2 87QH,Coach House,free,[]
872,Tara Phillips,tara.phillips872@demo.example.com,"89 The Lanes, Brighton",BN1 54LZ,Terraced,pro,"[""Boiler Service Report"",""Tenancy Agreement"",""Insurance Policy""]"
873,Eve Fisher,eve.fisher873@demo.example.com,"200 Wilbury Road, Brighton",BN3 07UW,Flat,free,[]
874,Una Osborne,una.osborne874@demo.example.com,"162 Lansdowne Place, Brighton",BN3 26KI,Maisonette,free,[]
875,Uri Jones,uri.jones875@demo.example.com,"34 Church Road, Brighton",BN2 87KV,Detached,free,[]
876,Cleo Morgan,cleo.morgan876@demo.example.com,"171 Marine Parade, Brighton",BN2 31LY,Terraced,pro,"[""Photo ID"",""Tenancy Agreement""]"
877,Quinn Reed,quinn.reed877@demo.example.com,"179 Manor Hill, Brighton",BN1 40KA,Flat,free,[]
878,Bianca King,bianca.king878@demo.example.com,"100 Elm Grove, Brighton",BN2 08AT,Flat,pro,"[""EPC Certificate"",""Proof of Address"",""Land Registry Title"",""Gas Safety Record"",""Photo ID""]"
879,Poppy Osborne,poppy.osborne879@demo.example.com,"137 Wilbury Road, Brighton",BN2 37LQ,Converted Loft,free,[]
880,Eve Gardner,eve.gardner880@demo.example.com,"43 Richmond Road, Brighton",BN1 33FK,Maisonette,pro,"[""Tenancy Agreement"",""EICR Certificate"",""Renovation Receipts"",""Proof of Address""]"
881,Grace Cross,grace.cross881@demo.example.com,"199 Norfolk Square, Brighton",BN2 07DO,Coach House,free,[]
882,Eve Taylor,eve.taylor882@demo.example.com,"27 Ditchling Road, Brighton",BN1 73PT,Flat,pro,"[""Photo ID"",""Renovation Receipts"",""Proof of Address"",""Tenancy Agreement""]"
883,Olive Day,olive.day883@demo.example.com,"173 Hangleton Road, Brighton",BN1 18PP,Bungalow,free,[]
884,Nico Baker,nico.baker884@demo.example.com,"147 Marine Parade, Brighton",BN3 47RM,Detached,free,[]
885,Eve Turner,eve.turner885@demo.example.com,"167, Flat 8 Preston Road, Brighton",BN1 05RF,Maisonette,free,[]
886,Noah Adams,noah.adams886@demo.example.com,"145 New England Street, Brighton",BN2 21FQ,Terraced,free,[]
887,Zane Edwards,zane.edwards887@demo.example.com,"162, Flat 9 Sackville Road, Brighton",BN3 88FY,Bungalow,pro,"[""Boiler Service Report"",""Photo ID""]"
888,Yasmin Jones,yasmin.jones888@demo.example.com,"118 Ditchling Road, Brighton",BN3 57LP,Bungalow,free,[]
889,Hugo Ward,hugo.ward889@demo.example.com,"23 Western Road, Brighton",BN1 41AH,Flat,free,[]
890,Alice Brooks,alice.brooks890@demo.example.com,"78 Dyke Road, Brighton",BN3 74DQ,Semi-detached,free,[]
891,Yasmin Xu,yasmin.xu891@demo.example.com,"120 Beaconsfield Villas, Brighton",BN1 08VU,Flat,pro,"[""Tenancy Agreement"",""Photo ID"",""Proof of Address"",""Boiler Service Report""]"
892,Mila Ivory,mila.ivory892@demo.example.com,"133 Gloucester Road, Brighton",BN3 16BI,Semi-detached,free,[]
893,Tara Sharp,tara.sharp893@demo.example.com,"107, Flat 2 Richmond Road, Brighton",BN2 46ES,Terraced,pro,"[""Renovation Receipts"",""Photo ID"",""Tenancy Agreement"",""Proof of Address"",""EICR Certificate""]"
894,Kara Howe,kara.howe894@demo.example.com,"152 Goldstone Villas, Brighton",BN3 04SM,Bungalow,free,[]
895,Isla Xu,isla.xu895@demo.example.com,"186 Sussex Square, Brighton",BN1 64JT,Maisonette,pro,"[""Boiler Service Report"",""Tenancy Agreement""]"
896,Sam Gardner,sam.gardner896@demo.example.com,"130 London Road, Brighton",BN3 74BT,Semi-detached,pro,"[""Gas Safety Record"",""Tenancy Agreement"",""Proof of Address""]"
897,Will Davies,will.davies897@demo.example.com,"69 Hove Park Road, Brighton",BN1 38JK,Semi-detached,pro,"[""Tenancy Agreement"",""Proof of Address"",""EPC Certificate"",""Insurance Policy""]"
898,Sienna Reed,sienna.reed898@demo.example.com,"28 Gloucester Road, Brighton",BN1 10TT,Maisonette,free,[]
899,Harvey Phillips,harvey.phillips899@demo.example.com,"19, Flat 12 Richmond Road, Brighton",BN1 75ME,Semi-detached,free,[]
900,Zara Sharp,zara.sharp900@demo.example.com,"158 Hove Park Road, Brighton",BN1 36YW,Coach House,free,[]
901,Mila Lane,mila.lane901@demo.example.com,"138 College Road, Brighton",BN3 35GP,Flat,pro,"[""Photo ID"",""EPC Certificate""]"
902,Sienna Quincy,sienna.quincy902@demo.example.com,"193, Flat 3 Richmond Road, Brighton",BN3 51IS,Semi-detached,free,[]
903,Noah Ivory,noah.ivory903@demo.example.com,"6 Hampstead Road, Brighton",BN3 35RA,Converted Loft,free,[]
904,Grace Frost,grace.frost904@demo.example.com,"158 Richmond Road, Brighton",BN2 51TE,Flat,free,[]
905,Hugo Edwards,hugo.edwards905@demo.example.com,"107, Flat 8 Upper North Street, Brighton",BN3 31BN,Coach House,free,[]
906,Finn Smith,finn.smith906@demo.example.com,"14 Norfolk Square, Brighton",BN3 35OE,Coach House,pro,"[""Land Registry Title"",""Gas Safety Record"",""EICR Certificate""]"
907,Jude Day,jude.day907@demo.example.com,"210, Flat 9 Lansdowne Place, Brighton",BN2 32YE,Semi-detached,pro,"[""Proof of Address"",""EICR Certificate"",""Tenancy Agreement"",""Insurance Policy"",""Land Registry Title""]"
908,Theo Reed,theo.reed908@demo.example.com,"189, Flat 6 Bond Street, Brighton",BN1 00SR,Maisonette,free,[]
909,Will Clarke,will.clarke909@demo.example.com,"96 Hartington Road, Brighton",BN3 81UR,Maisonette,free,[]
910,Vera Fisher,vera.fisher910@demo.example.com,"54 Brighton Place, Brighton",BN3 72SD,Terraced,free,[]
911,Pia Morgan,pia.morgan911@demo.example.com,"14 Kingsway, Brighton",BN1 15BS,Detached,free,[]
912,Yasmin Ivory,yasmin.ivory912@demo.example.com,"47 College Road, Brighton",BN3 82BN,Coach House,free,[]
913,Poppy Hayes,poppy.hayes913@demo.example.com,"63 George Street, Brighton",BN2 42BJ,Flat,free,[]
914,Harvey Moore,harvey.moore914@demo.example.com,"63 Elm Grove, Brighton",BN2 36NX,Coach House,free,[]
915,Maya Fox,maya.fox915@demo.example.com,"125 Kingsway, Brighton",BN3 55NJ,Bungalow,pro,"[""Insurance Policy"",""Gas Safety Record""]"
916,Uri Smith,uri.smith916@demo.example.com,"33 Sussex Square, Brighton",BN1 21FU,Detached,free,[]
917,Jude Peters,jude.peters917@demo.example.com,"54 New England Street, Brighton",BN3 84VD,Flat,pro,"[""Insurance Policy"",""Boiler Service Report"",""EICR Certificate"",""Tenancy Agreement"",""EPC Certificate""]"
918,Pia Davies,pia.davies918@demo.example.com,"83 Holland Road, Brighton",BN3 87NE,Maisonette,free,[]
919,Elena Howe,elena.howe919@demo.example.com,"150 Beaconsfield Villas, Brighton",BN1 08MB,Converted Loft,pro,"[""Proof of Address"",""Land Registry Title"",""Renovation Receipts"",""Insurance Policy"",""Boiler Service Report""]"
920,Xena Edwards,xena.edwards920@demo.example.com,"8 Beaconsfield Villas, Brighton",BN3 45HL,Flat,free,[]
921,Tara Zeller,tara.zeller921@demo.example.com,"128 Preston Road, Brighton",BN1 17NQ,Maisonette,free,[]
922,Iris Frost,iris.frost922@demo.example.com,"133 Wilbury Road, Brighton",BN2 70UK,Converted Loft,pro,"[""Insurance Policy"",""EPC Certificate""]"
923,Daria Cooper,daria.cooper923@demo.example.com,"5 New England Street, Brighton",BN1 85VQ,Bungalow,pro,"[""Gas Safety Record"",""EPC Certificate"",""EICR Certificate"",""Photo ID"",""Renovation Receipts""]"
924,Aaron Reed,aaron.reed924@demo.example.com,"33 Fonthill Road, Brighton",BN3 77PB,Terraced,pro,"[""Gas Safety Record"",""EICR Certificate""]"
925,Felix Smith,felix.smith925@demo.example.com,"29, Flat 6 Blatchington Road, Brighton",BN3 20OD,Semi-detached,free,[]
926,Sienna Turner,sienna.turner926@demo.example.com,"208 London Road, Brighton",BN3 75BQ,Converted Loft,pro,"[""Tenancy Agreement"",""EICR Certificate"",""Renovation Receipts"",""Photo ID"",""Gas Safety Record""]"
927,Callum Edwards,callum.edwards927@demo.example.com,"205, Flat 6 College Road, Brighton",BN1 14SK,Coach House,pro,"[""Insurance Policy"",""Land Registry Title"",""Gas Safety Record"",""EICR Certificate""]"
928,Maya Ward,maya.ward928@demo.example.com,"20 Manor Hill, Brighton",BN2 61BD,Terraced,pro,"[""EICR Certificate"",""Boiler Service Report"",""EPC Certificate"",""Photo ID"",""Land Registry Title""]"
929,Jonah Palmer,jonah.palmer929@demo.example.com,"72 Hangleton Road, Brighton",BN3 53WW,Converted Loft,pro,"[""EICR Certificate"",""Tenancy Agreement"",""Photo ID"",""Gas Safety Record"",""Renovation Receipts""]"
930,Yasmin Day,yasmin.day930@demo.example.com,"36 Hanover Terrace, Brighton",BN3 50YV,Maisonette,free,[]
931,Zane Hayes,zane.hayes931@demo.example.com,"90 North Street, Brighton",BN1 26HP,Flat,pro,"[""Land Registry Title"",""Insurance Policy"",""Proof of Address"",""EPC Certificate"",""Boiler Service Report""]"
932,Poppy Frost,poppy.frost932@demo.example.com,"207 North Street, Brighton",BN2 43GN,Maisonette,free,[]
933,Xena Day,xena.day933@demo.example.com,"132 Lewes Road, Brighton",BN1 23LE,Flat,pro,"[""Insurance Policy"",""Tenancy Agreement"",""EICR Certificate"",""Proof of Address"",""EPC Certificate""]"
934,Vera Clarke,vera.clarke934@demo.example.com,"137 Palmeira Square, Brighton",BN1 50FF,Flat,pro,"[""Photo ID"",""Renovation Receipts""]"
935,Alice Taylor,alice.taylor935@demo.example.com,"46 Sussex Square, Brighton",BN2 12XA,Maisonette,free,[]
936,Will Ward,will.ward936@demo.example.com,"16 Upper Gardner Street, Brighton",BN2 12LT,Semi-detached,pro,"[""EICR Certificate"",""EPC Certificate"",""Renovation Receipts""]"
937,Zane Banks,zane.banks937@demo.example.com,"118 Ditchling Road, Brighton",BN2 16HA,Terraced,pro,"[""Tenancy Agreement"",""EICR Certificate"",""Land Registry Title"",""Photo ID""]"
938,Finn Vale,finn.vale938@demo.example.com,"177 Lewes Road, Brighton",BN2 77RO,Semi-detached,free,[]
939,Wren King,wren.king939@demo.example.com,"133 Valley Gardens, Brighton",BN3 80BI,Flat,pro,"[""Gas Safety Record"",""Land Registry Title"",""Photo ID"",""EICR Certificate""]"
940,Jude Gray,jude.gray940@demo.example.com,"51 Fonthill Road, Brighton",BN1 77UE,Semi-detached,free,[]
941,Olive Hart,olive.hart941@demo.example.com,"136 Hangleton Road, Brighton",BN1 38CN,Bungalow,free,[]
942,Hugo Smith,hugo.smith942@demo.example.com,"34, Flat 3 Gloucester Road, Brighton",BN2 56OA,Flat,pro,"[""Tenancy Agreement"",""EICR Certificate"",""Gas Safety Record"",""Land Registry Title"",""Proof of Address""]"
943,Tara Edwards,tara.edwards943@demo.example.com,"151 Valley Gardens, Brighton",BN3 08DI,Flat,pro,"[""Boiler Service Report"",""Gas Safety Record"",""Photo ID"",""EICR Certificate""]"
944,Maya Adams,maya.adams944@demo.example.com,"172 Fonthill Road, Brighton",BN1 74CJ,Semi-detached,pro,"[""Insurance Policy"",""Land Registry Title"",""Boiler Service Report"",""Gas Safety Record"",""EPC Certificate""]"
945,Sienna Quincy,sienna.quincy945@demo.example.com,"77 Church Road, Brighton",BN1 75VA,Detached,pro,"[""Photo ID"",""Tenancy Agreement"",""EICR Certificate""]"
946,Tara Ivory,tara.ivory946@demo.example.com,"98 Lansdowne Place, Brighton",BN3 08FZ,Detached,pro,"[""Tenancy Agreement"",""EICR Certificate"",""Proof of Address"",""Gas Safety Record"",""Insurance Policy""]"
947,Cleo Osborne,cleo.osborne947@demo.example.com,"119 Baker Street, Brighton",BN2 86TV,Semi-detached,free,[]
948,Harvey Hart,harvey.hart948@demo.example.com,"9 The Lanes, Brighton",BN1 03PM,Coach House,free,[]
949,Hugo Walker,hugo.walker949@demo.example.com,"48 Sackville Road, Brighton",BN3 68YR,Detached,pro,"[""Gas Safety Record"",""EICR Certificate"",""Land Registry Title"",""EPC Certificate""]"
950,Una Vale,una.vale950@demo.example.com,"26 Elm Grove, Brighton",BN2 42FS,Bungalow,pro,"[""Insurance Policy"",""Renovation Receipts"",""Gas Safety Record"",""EICR Certificate"",""Boiler Service Report""]"
951,Finn Gardner,finn.gardner951@demo.example.com,"75 Richmond Road, Brighton",BN1 86GM,Converted Loft,free,[]
952,Liam King,liam.king952@demo.example.com,"78, Flat 12 Dyke Road, Brighton",BN3 80CH,Flat,free,[]
953,Uri Moore,uri.moore953@demo.example.com,"209 Wilbury Avenue, Brighton",BN1 70GL,Terraced,pro,"[""Insurance Policy"",""Tenancy Agreement"",""Proof of Address"",""EICR Certificate""]"
954,Finn Walker,finn.walker954@demo.example.com,"116 Grand Avenue, Brighton",BN1 84DA,Maisonette,free,[]
955,Elena Cooper,elena.cooper955@demo.example.com,"144 Bond Street, Brighton",BN2 26DD,Coach House,free,[]
956,Felix Xu,felix.xu956@demo.example.com,"147 New England Street, Brighton",BN3 42VX,Detached,pro,"[""Insurance Policy"",""Boiler Service Report"",""Land Registry Title""]"
957,Ronan Carter,ronan.carter957@demo.example.com,"36 Hartington Road, Brighton",BN1 51NF,Flat,free,[]
958,Quinn Cooper,quinn.cooper958@demo.example.com,"51 London Road, Brighton",BN3 76JY,Terraced,pro,"[""Insurance Policy"",""Boiler Service Report"",""EPC Certificate"",""Renovation Receipts""]"
959,Jude Phillips,jude.phillips959@demo.example.com,"21, Flat 3 Montpelier Road, Brighton",BN1 44UI,Semi-detached,pro,"[""EPC Certificate"",""Boiler Service Report"",""Tenancy Agreement""]"
960,Victor Price,victor.price960@demo.example.com,"51 Hampstead Road, Brighton",BN1 22IZ,Flat,free,[]
961,Tara Ward,tara.ward961@demo.example.com,"196 George Street, Brighton",BN1 01EJ,Flat,free,[]
962,Uri Xu,uri.xu962@demo.example.com,"6 Valley Gardens, Brighton",BN2 74OH,Semi-detached,free,[]
963,Maya Day,maya.day963@demo.example.com,"76 Norfolk Square, Brighton",BN3 08GC,Coach House,pro,"[""Boiler Service Report"",""Land Registry Title"",""Renovation Receipts"",""Gas Safety Record""]"
964,Xena Adams,xena.adams964@demo.example.com,"181 Valley Gardens, Brighton",BN2 70MB,Maisonette,free,[]
965,Zane Osborne,zane.osborne965@demo.example.com,"10 Gloucester Road, Brighton",BN3 17WA,Converted Loft,free,[]
966,Sam Peters,sam.peters966@demo.example.com,"74 Kingsway, Brighton",BN1 35XS,Terraced,free,[]
967,Harvey Davies,harvey.davies967@demo.example.com,"15, Flat 1 Richmond Road, Brighton",BN1 76FN,Terraced,pro,"[""Proof of Address"",""Photo ID"",""Gas Safety Record"",""Land Registry Title""]"
968,Rae Cooper,rae.cooper968@demo.example.com,"166 New England Street, Brighton",BN3 18FY,Semi-detached,free,[]
969,Wren Fisher,wren.fisher969@demo.example.com,"13 Beaconsfield Villas, Brighton",BN3 21JU,Coach House,pro,"[""Land Registry Title"",""EPC Certificate"",""Renovation Receipts"",""Tenancy Agreement""]"
970,Harvey Riley,harvey.riley970@demo.example.com,"202 George Street, Brighton",BN3 53FS,Flat,pro,"[""Tenancy Agreement"",""Boiler Service Report""]"
971,Uri Edwards,uri.edwards971@demo.example.com,"113, Flat 5 Holland Road, Brighton",BN1 60ZO,Detached,pro,"[""Gas Safety Record"",""Proof of Address""]"
972,Quinn Baker,quinn.baker972@demo.example.com,"33 Hampstead Road, Brighton",BN1 87KO,Maisonette,pro,"[""Tenancy Agreement"",""Photo ID"",""EICR Certificate""]"
973,Maya Wade,maya.wade973@demo.example.com,"189 Upper North Street, Brighton",BN1 17XY,Detached,pro,"[""Boiler Service Report"",""Land Registry Title"",""Gas Safety Record"",""EPC Certificate""]"
974,Poppy Riley,poppy.riley974@demo.example.com,"72 Hove Park Road, Brighton",BN2 63UV,Converted Loft,pro,"[""Boiler Service Report"",""Photo ID"",""EPC Certificate""]"
975,Aaron Smith,aaron.smith975@demo.example.com,"47 York Place, Brighton",BN2 52EM,Maisonette,free,[]
976,Will Turner,will.turner976@demo.example.com,"21 Holland Road, Brighton",BN1 44MU,Detached,pro,"[""Boiler Service Report"",""EICR Certificate"",""Gas Safety Record""]"
977,Quinn Hart,quinn.hart977@demo.example.com,"130 Hanover Terrace, Brighton",BN1 72CH,Terraced,free,[]
978,Orla Sharp,orla.sharp978@demo.example.com,"78 Ditchling Road, Brighton",BN1 17VL,Terraced,free,[]
979,Mila Taylor,mila.taylor979@demo.example.com,"106 Church Road, Brighton",BN3 74LX,Bungalow,pro,"[""EICR Certificate"",""Photo ID"",""Gas Safety Record"",""Boiler Service Report"",""Renovation Receipts""]"
980,Iris Reed,iris.reed980@demo.example.com,"4, Flat 4 Wilbury Avenue, Brighton",BN3 58LS,Semi-detached,free,[]
981,Rae Riley,rae.riley981@demo.example.com,"52 Bond Street, Brighton",BN3 37OW,Coach House,pro,"[""Tenancy Agreement"",""Gas Safety Record""]"
982,Xena Banks,xena.banks982@demo.example.com,"73 Lewes Road, Brighton",BN1 72QF,Maisonette,free,[]
983,Sienna Vale,sienna.vale983@demo.example.com,"188 Upper North Street, Brighton",BN3 45XQ,Semi-detached,pro,"[""Tenancy Agreement"",""Insurance Policy"",""Proof of Address""]"
984,Bianca Lane,bianca.lane984@demo.example.com,"74 Hangleton Road, Brighton",BN3 20RE,Flat,free,[]
985,Aaron Frost,aaron.frost985@demo.example.com,"157 New England Street, Brighton",BN3 77HG,Coach House,free,[]
986,Hugo Gardner,hugo.gardner986@demo.example.com,"88 Lansdowne Place, Brighton",BN1 84KZ,Bungalow,free,[]
987,Kara Osborne,kara.osborne987@demo.example.com,"86 Upper Gardner Street, Brighton",BN3 20HY,Bungalow,free,[]
988,Cleo Gardner,cleo.gardner988@demo.example.com,"14 Dyke Road, Brighton",BN3 62LG,Flat,pro,"[""Photo ID"",""EPC Certificate"",""Tenancy Agreement"",""Proof of Address"",""Insurance Policy""]"
989,Jonah Hart,jonah.hart989@demo.example.com,"83 Blatchington Road, Brighton",BN3 73JL,Semi-detached,pro,"[""Gas Safety Record"",""Tenancy Agreement"",""Proof of Address"",""EPC Certificate""]"
990,Vera Lane,vera.lane990@demo.example.com,"195 Wilbury Avenue, Brighton",BN1 44SN,Detached,free,[]
991,Zara Wade,zara.wade991@demo.example.com,"82 Hanover Terrace, Brighton",BN3 81JY,Detached,pro,"[""Gas Safety Record"",""Boiler Service Report"",""Renovation Receipts"",""EICR Certificate""]"
992,Sienna Price,sienna.price992@demo.example.com,"11 Grand Avenue, Brighton",BN1 83ST,Semi-detached,free,[]
993,Keira Adams,keira.adams993@demo.example.com,"66 Hartington Road, Brighton",BN1 12ZZ,Detached,free,[]
994,Harvey Xu,harvey.xu994@demo.example.com,"69 Hove Park Road, Brighton",BN1 30JG,Coach House,free,[]
995,Callum Gardner,callum.gardner995@demo.example.com,"24 Lansdowne Place, Brighton",BN2 58EN,Detached,pro,"[""Boiler Service Report"",""Proof of Address""]"
996,Jonah Fox,jonah.fox996@demo.example.com,"205 Valley Gardens, Brighton",BN2 71KK,Bungalow,free,[]
997,Yasmin Jones,yasmin.jones997@demo.example.com,"127 North Street, Brighton",BN3 27OG,Coach House,free,[]
998,Mila Riley,mila.riley998@demo.example.com,"182, Flat 10 Western Road, Brighton",BN3 24PJ,Flat,pro,"[""Tenancy Agreement"",""EICR Certificate"",""Renovation Receipts""]"
999,Hugo Cross,hugo.cross999@demo.example.com,"102 Richmond Road, Brighton",BN2 37XO,Detached,pro,"[""Gas Safety Record"",""Insurance Policy"",""EICR Certificate"",""EPC Certificate"",""Renovation Receipts""]"
1000,Tara Brooks,tara.brooks1000@demo.example.com,"78 Lewes Road, Brighton",BN2 81WY,Detached,pro,"[""Insurance Policy"",""EICR Certificate"",""Gas Safety Record""]"